"Analysis","Feature","Predictor","Outcome","Condition","n","Pearson_r","R2","P_value","Interpretation","FDR"
"Global locus-specific","TE-L1FLnI-Xq13.2ia","detection_rate","total_strength","Healthy",6,0.968513232672248,0.938017881861248,0.00147151652453408,"INFERENTIAL",0.211898379532907
"Global locus-specific","TE-L1FLnI-21q22.13b","detection_rate","total_strength","Healthy",6,0.95290805782911,0.908033766675647,0.00327425977940571,"INFERENTIAL",0.235746704117211
"Global locus-specific","TE-L1FLnI-6q16.2d","detection_rate","total_strength","Healthy",6,0.917801649730287,0.842359868247636,0.00985716377670355,"INFERENTIAL",0.351787390120588
"Global locus-specific","TE-L1FLnI-21q22.13b","mean_expression","total_strength","Healthy",6,0.910700984561229,0.829376283280792,0.0116054220359315,"INFERENTIAL",0.351787390120588
"Global locus-specific","TE-L1FLnI-Xq13.2ia","mean_expression","total_strength","Healthy",6,0.908349338793847,0.825098521287219,0.0122148399347426,"INFERENTIAL",0.351787390120588
"Global locus-specific","TE-L1FLnI-15q11.2n","detection_rate","total_strength","Healthy",6,0.881375512438336,0.776822793925939,0.0202730253776235,"INFERENTIAL",0.455277516549282
"Global locus-specific","TE-L1FLnI-Xq23ab","detection_rate","total_strength","Wet AMD",7,0.825679905058421,0.681747305617283,0.0221315459433679,"INFERENTIAL",0.455277516549282
"Global locus-specific","TE-L1FLnI-6q16.2d","mean_expression","total_strength","Healthy",6,0.866179987676128,0.750267771050617,0.0256634828270178,"INFERENTIAL",0.461942690886321
"Global locus-specific","TE-L1FLnI-11p15.5b","detection_rate","total_strength","Wet AMD",7,0.797301638898112,0.635689903389615,0.0317478185192161,"INFERENTIAL",0.478071175154493
"Global locus-specific","TE-L1FLnI-4p15.2b","detection_rate","density","Wet AMD",7,0.793401483959783,0.629485914749586,0.0332224015990994,"INFERENTIAL",0.478071175154493
"Global locus-specific","TE-L1FLnI-Xq23ab","detection_rate","density","Wet AMD",7,0.785016846896532,0.616251449911374,0.0365193258798571,"INFERENTIAL",0.478071175154493
"Global locus-specific","TE-L1FLnI-4p15.2b","detection_rate","density","Dry AMD",3,0.997140573923539,0.994289324164565,0.0481546352779983,"DESCRIPTIVE_n3",0.57785562333598
"Global locus-specific","TE-L1FLnI-4p15.2b","detection_rate","total_strength","Healthy",6,0.78264972075897,0.612540585404093,0.0657277779215703,"INFERENTIAL",0.671039143591645
"Global locus-specific","TE-L1FLnI-Xq13.2ia","detection_rate","density","Wet AMD",7,0.721898572260561,0.521137548631836,0.0669871644664864,"INFERENTIAL",0.671039143591645
"Global locus-specific","TE-L1FLnI-15q11.2n","mean_expression","total_strength","Healthy",6,0.775571988965255,0.601511910067521,0.0698999107907963,"INFERENTIAL",0.671039143591645
"Global locus-specific","TE-L1FLnI-15q11.2n","detection_rate","density","Wet AMD",7,0.697987464188398,0.487186500164151,0.08116621092707,"INFERENTIAL",0.73049589834363
"Global locus-specific","TE-L1FLnI-Xq13.2ia","detection_rate","total_strength","Wet AMD",7,0.680823394198792,0.463520494088363,0.0922415716689701,"INFERENTIAL",0.738040069936839
"Global locus-specific","TE-L1FLnI-11p15.5b","mean_expression","total_strength","Wet AMD",7,0.680803251879786,0.463493067770091,0.0922550087421049,"INFERENTIAL",0.738040069936839
"Global locus-specific","TE-L1FLnI-21q22.13b","detection_rate","total_strength","Wet AMD",7,0.653692855462706,0.427314349282986,0.111272436144412,"INFERENTIAL",0.783285087075083
"Global locus-specific","TE-L1FLnI-Xq23ab","detection_rate","density","Dry AMD",3,0.984669043129692,0.969573124497944,0.111618495318621,"DESCRIPTIVE_n3",0.783285087075083
"Global locus-specific","TE-L1FLnI-Xq23ab","detection_rate","total_strength","Healthy",6,0.70963241067628,0.503578158282228,0.11422907519845,"INFERENTIAL",0.783285087075083
"Global locus-specific","TE-L1FLnI-3q13.13ea","mean_expression","total_strength","Healthy",6,-0.665204440457303,0.442496947604114,0.149368806531575,"INFERENTIAL",0.894053703063086
"Global locus-specific","TE-L1FLnI-21q22.13b","detection_rate","density","Wet AMD",7,0.600854870008576,0.361026574813023,0.153635092468014,"INFERENTIAL",0.894053703063086
"Global locus-specific","TE-L1FLnI-11p15.5b","detection_rate","density","Dry AMD",3,0.970227703760757,0.941341797144871,0.155734456635072,"DESCRIPTIVE_n3",0.894053703063086
"Global locus-specific","TE-L1FLnI-4p15.2b","detection_rate","total_strength","Wet AMD",7,0.596968524446562,0.356371419179906,0.157023428079879,"INFERENTIAL",0.894053703063086
"Global locus-specific","TE-L1FLnI-11p15.5b","detection_rate","density","Wet AMD",7,0.591980361005352,0.350440747816027,0.161426363053057,"INFERENTIAL",0.894053703063086
"Global locus-specific","TE-L1FLnI-Xq23ab","detection_rate","total_strength","Dry AMD",3,0.965277266998605,0.931760202184296,0.168254545564364,"DESCRIPTIVE_n3",0.897357576343272
"Global locus-specific","TE-L1FLnI-11p15.5b","detection_rate","total_strength","Healthy",6,0.630010583826381,0.396913335733257,0.180013925447321,"INFERENTIAL",0.92578590230051
"Global locus-specific","TE-L1FLnI-3q13.13ea","detection_rate","total_strength","Healthy",6,-0.617228515436834,0.380971040268358,0.191730321649382,"INFERENTIAL",0.952040217845205
"Global locus-specific","TE-L1FLnI-4p15.2b","mean_expression","total_strength","Healthy",6,0.588738770147058,0.34661333947427,0.218924200378736,"INFERENTIAL",0.953355725917656
"Global locus-specific","TE-L1FLnI-3q13.13ka","detection_rate","density","Healthy",6,0.585991222248668,0.343385712552488,0.221623673327679,"INFERENTIAL",0.953355725917656
"Global locus-specific","TE-L1FLnI-3q13.13ka","mean_expression","density","Healthy",6,0.581391275618872,0.338015815365739,0.226172809609112,"INFERENTIAL",0.953355725917656
"Global locus-specific","TE-L1FLnI-Xq23ab","mean_expression","density","Wet AMD",7,0.523534455667962,0.274088326271549,0.227836534830546,"INFERENTIAL",0.953355725917656
"Global locus-specific","TE-L1FLnI-Xq23ab","mean_expression","total_strength","Wet AMD",7,0.521838358041506,0.272315271923455,0.229620642160653,"INFERENTIAL",0.953355725917656
"Global locus-specific","TE-L1FLnI-4p15.2b","detection_rate","total_strength","Dry AMD",3,0.934486501803451,0.873265022052851,0.231718405604986,"DESCRIPTIVE_n3",0.953355725917656
"Global locus-specific","TE-L1FLnI-15q11.2n","detection_rate","total_strength","Wet AMD",7,0.503548418875357,0.253561010151872,0.24927120908239,"INFERENTIAL",0.958942856482682
"Global locus-specific","TE-L1FLnI-2p24.3g","detection_rate","density","Wet AMD",7,0.496510474980051,0.246522651764916,0.257031152992527,"INFERENTIAL",0.958942856482682
"Global locus-specific","TE-L1FLnI-3q13.13ma","mean_expression","total_strength","Healthy",6,-0.52079797490844,0.271230530668732,0.289431193190149,"INFERENTIAL",0.958942856482682
"Global locus-specific","TE-L1FLnI-Xq23ab","mean_expression","density","Healthy",6,0.519458667449692,0.269837307188609,0.290896662835667,"INFERENTIAL",0.958942856482682
"Global locus-specific","TE-L1FLnI-2p24.3g","detection_rate","total_strength","Wet AMD",7,0.456222586779612,0.20813904868788,0.303512127817708,"INFERENTIAL",0.958942856482682
"Global locus-specific","TE-L1FLnI-3q13.13ja","mean_expression","total_strength","Healthy",6,-0.502239336617006,0.252244351245491,0.309984512891951,"INFERENTIAL",0.958942856482682
"Global locus-specific","TE-L1FLnI-2p24.3g","detection_rate","density","Healthy",6,0.497422804483256,0.247429446419988,0.315404317850101,"INFERENTIAL",0.958942856482682
"Global locus-specific","TE-L1FLnI-3q13.13ja","detection_rate","density","Wet AMD",7,0.444089332825684,0.197215335529561,0.318177733978181,"INFERENTIAL",0.958942856482682
"Global locus-specific","TE-L1FLnI-3q13.13ja","detection_rate","density","Healthy",6,0.48869083266874,0.238818729934466,0.325318012991173,"INFERENTIAL",0.958942856482682
"Global locus-specific","TE-L1FLnI-3q13.13ja","mean_expression","density","Wet AMD",7,0.437552159344447,0.191451892146988,0.326203346457088,"INFERENTIAL",0.958942856482682
"Global locus-specific","TE-L1FLnI-3q13.13ma","detection_rate","density","Healthy",6,0.48613845617277,0.236330598570044,0.328237011908459,"INFERENTIAL",0.958942856482682
"Global locus-specific","TE-L1FLnI-3q13.13ma","detection_rate","total_strength","Healthy",6,-0.467557153658229,0.218609691936985,0.349770532174736,"INFERENTIAL",0.958942856482682
"Global locus-specific","TE-L1FLnI-11p15.5b","mean_expression","density","Wet AMD",7,0.407510613515283,0.166064900127602,0.364170655380212,"INFERENTIAL",0.958942856482682
"Global locus-specific","TE-L1FLnI-3q13.13ea","detection_rate","density","Wet AMD",7,0.403889154043027,0.163126448753592,0.368865048292516,"INFERENTIAL",0.958942856482682
"Global locus-specific","TE-L1FLnI-2p24.3g","mean_expression","density","Healthy",6,0.442494197916215,0.195801115189515,0.37957913183412,"INFERENTIAL",0.958942856482682
"Global locus-specific","TE-L1FLnI-15q11.2n","mean_expression","density","Wet AMD",7,0.39484847051205,0.155905314665705,0.380691540488968,"INFERENTIAL",0.958942856482682
"Global locus-specific","TE-L1FLnI-3q13.13ja","mean_expression","density","Healthy",6,0.436432912503385,0.190473687116187,0.386915124256611,"INFERENTIAL",0.958942856482682
"Global locus-specific","TE-L1FLnI-2p24.3g","mean_expression","total_strength","Healthy",6,-0.434946381184162,0.189178354505199,0.388721648568962,"INFERENTIAL",0.958942856482682
"Global locus-specific","TE-L1FLnI-3q13.13ma","mean_expression","density","Healthy",6,0.429556224300293,0.184518549835124,0.395296209339831,"INFERENTIAL",0.958942856482682
"Global locus-specific","TE-L1FLnI-11p15.5b","mean_expression","density","Healthy",6,0.425617482098722,0.181150241068056,0.400124131594398,"INFERENTIAL",0.958942856482682
"Global locus-specific","TE-L1FLnI-3q13.13ka","detection_rate","density","Wet AMD",7,0.379816777540264,0.144260784501071,0.400687990377898,"INFERENTIAL",0.958942856482682
"Global locus-specific","TE-L1FLnI-3q13.13ja","detection_rate","total_strength","Healthy",6,-0.42409835540611,0.179859415058167,0.401991507956072,"INFERENTIAL",0.958942856482682
"Global locus-specific","TE-L1FLnI-21q22.13b","mean_expression","density","Wet AMD",7,0.378645785386395,0.14337263079088,0.402262890990526,"INFERENTIAL",0.958942856482682
"Global locus-specific","TE-L1FLnI-Xq13.2ia","mean_expression","density","Wet AMD",7,0.374506297241177,0.140254966673297,0.407849781191997,"INFERENTIAL",0.958942856482682
"Global locus-specific","TE-L1FLnI-Xq23ab","detection_rate","density","Healthy",6,0.417975463591108,0.174703488164202,0.409547690341545,"INFERENTIAL",0.958942856482682
"Global locus-specific","TE-L1FLnI-11p15.5b","mean_expression","total_strength","Dry AMD",3,-0.782584055206091,0.612437803462811,0.427802424927101,"DESCRIPTIVE_n3",0.958942856482682
"Global locus-specific","TE-L1FLnI-21q22.13b","mean_expression","total_strength","Wet AMD",7,0.35923479763438,0.129049639831414,0.428721011002265,"INFERENTIAL",0.958942856482682
"Global locus-specific","TE-L1FLnI-3q13.13ea","mean_expression","density","Wet AMD",7,0.357127467198811,0.127540027827838,0.431632643234362,"INFERENTIAL",0.958942856482682
"Global locus-specific","TE-L1FLnI-11p15.5b","detection_rate","total_strength","Dry AMD",3,0.774892918699888,0.600459035451231,0.435607497518057,"DESCRIPTIVE_n3",0.958942856482682
"Global locus-specific","TE-L1FLnI-3q13.13ea","detection_rate","total_strength","Wet AMD",7,0.351633658604455,0.123646229863554,0.439258642145463,"INFERENTIAL",0.958942856482682
"Global locus-specific","TE-L1FLnI-Xq23ab","mean_expression","total_strength","Dry AMD",3,-0.770998155759615,0.594438156184727,0.439515475887896,"DESCRIPTIVE_n3",0.958942856482682
"Global locus-specific","TE-L1FLnI-3q13.13ja","detection_rate","total_strength","Wet AMD",7,0.336270291167621,0.113077708721956,0.460851084226785,"INFERENTIAL",0.984927901507521
"Global locus-specific","TE-L1FLnI-11p15.5b","detection_rate","density","Healthy",6,0.3740402814259,0.139906132129166,0.465104842378552,"INFERENTIAL",0.984927901507521
"Global locus-specific","TE-L1FLnI-2p24.3g","mean_expression","density","Wet AMD",7,0.327818890987858,0.107465225288509,0.472892375313813,"INFERENTIAL",0.98690582674187
"Global locus-specific","TE-L1FLnI-3q13.13ka","mean_expression","density","Wet AMD",7,0.318235773990863,0.101274007847563,0.486682260624827,"INFERENTIAL",0.989222478690508
"Global locus-specific","TE-L1FLnI-Xq23ab","mean_expression","total_strength","Healthy",6,0.356263444490127,0.12692364187997,0.488213960186504,"INFERENTIAL",0.989222478690508
"Global locus-specific","TE-L1FLnI-3q13.13ja","mean_expression","total_strength","Wet AMD",7,0.312769708971378,0.0978248908500406,0.494611239345254,"INFERENTIAL",0.989222478690508
"Global locus-specific","TE-L1FLnI-3q13.13ka","mean_expression","total_strength","Healthy",6,-0.337598457877013,0.113972718760938,0.512840820231352,"INFERENTIAL",0.997991844291508
"Global locus-specific","TE-L1FLnI-3q13.13ma","detection_rate","density","Wet AMD",7,0.284328497727962,0.0808426946202397,0.53658104207049,"INFERENTIAL",0.997991844291508
"Global locus-specific","TE-L1FLnI-3q13.13ka","detection_rate","total_strength","Healthy",6,-0.314551974194548,0.0989429444696877,0.543733387965958,"INFERENTIAL",0.997991844291508
"Global locus-specific","TE-L1FLnI-2p24.3g","detection_rate","total_strength","Healthy",6,-0.308289700105942,0.0950425391914118,0.552215767793401,"INFERENTIAL",0.997991844291508
"Global locus-specific","TE-L1FLnI-3q13.13ea","mean_expression","total_strength","Wet AMD",7,0.272276786110549,0.0741346482546897,0.554710004959322,"INFERENTIAL",0.997991844291508
"Global locus-specific","TE-L1FLnI-2p24.3g","mean_expression","total_strength","Wet AMD",7,0.270813364191278,0.0733398782245976,0.556924730740608,"INFERENTIAL",0.997991844291508
"Global locus-specific","TE-L1FLnI-Xq13.2ia","mean_expression","total_strength","Dry AMD",3,-0.605830385522484,0.367030456022322,0.585682005654532,"DESCRIPTIVE_n3",0.997991844291508
"Global locus-specific","TE-L1FLnI-Xq13.2ia","mean_expression","total_strength","Wet AMD",7,0.249950494825741,0.0624752498636328,0.588800737623794,"INFERENTIAL",0.997991844291508
"Global locus-specific","TE-L1FLnI-6q16.2d","detection_rate","density","Wet AMD",7,0.244894242338418,0.0599731899305078,0.596608444059491,"INFERENTIAL",0.997991844291508
"Global locus-specific","TE-L1FLnI-3q13.13ea","detection_rate","density","Healthy",6,0.274834107710597,0.0755337867610801,0.598128468877346,"INFERENTIAL",0.997991844291508
"Global locus-specific","TE-L1FLnI-3q13.13ka","detection_rate","total_strength","Wet AMD",7,0.241786810688695,0.0584608618230108,0.601422218794319,"INFERENTIAL",0.997991844291508
"Global locus-specific","TE-L1FLnI-4p15.2b","mean_expression","density","Wet AMD",7,0.241590246334164,0.058365847123802,0.60172710941182,"INFERENTIAL",0.997991844291508
"Global locus-specific","TE-L1FLnI-21q22.13b","detection_rate","density","Dry AMD",3,0.55055848905138,0.303114649866538,0.628829598985476,"DESCRIPTIVE_n3",0.997991844291508
"Global locus-specific","TE-L1FLnI-21q22.13b","mean_expression","total_strength","Dry AMD",3,-0.523483566254808,0.274035044138852,0.649264292558504,"DESCRIPTIVE_n3",0.997991844291508
"Global locus-specific","TE-L1FLnI-6q16.2d","detection_rate","density","Dry AMD",3,0.495534818219925,0.245554756068254,0.669944188448414,"DESCRIPTIVE_n3",0.997991844291508
"Global locus-specific","TE-L1FLnI-6q16.2d","detection_rate","total_strength","Wet AMD",7,0.198048244931759,0.0392231073205499,0.670337620289683,"INFERENTIAL",0.997991844291508
"Global locus-specific","TE-L1FLnI-15q11.2n","detection_rate","density","Dry AMD",3,0.487411460831096,0.237569932149503,0.675882378530413,"DESCRIPTIVE_n3",0.997991844291508
"Global locus-specific","TE-L1FLnI-3q13.13ea","mean_expression","density","Healthy",6,0.218714401615725,0.0478359894741246,0.677159607483177,"INFERENTIAL",0.997991844291508
"Global locus-specific","TE-L1FLnI-3q13.13ka","detection_rate","density","Dry AMD",3,0.479550802917949,0.22996897257925,0.681599240487489,"DESCRIPTIVE_n3",0.997991844291508
"Global locus-specific","TE-L1FLnI-3q13.13ka","mean_expression","density","Dry AMD",3,0.47062797590213,0.221490691701736,0.688054805201725,"DESCRIPTIVE_n3",0.997991844291508
"Global locus-specific","TE-L1FLnI-3q13.13ka","mean_expression","total_strength","Wet AMD",7,0.186742892691607,0.0348729079708289,0.688474166848939,"INFERENTIAL",0.997991844291508
"Global locus-specific","TE-L1FLnI-3q13.13ja","detection_rate","density","Dry AMD",3,0.447272213656102,0.200052433108829,0.704791041807586,"DESCRIPTIVE_n3",0.997991844291508
"Global locus-specific","TE-L1FLnI-6q16.2d","mean_expression","density","Healthy",6,-0.199251030630591,0.0397009732073528,0.705078683968414,"INFERENTIAL",0.997991844291508
"Global locus-specific","TE-L1FLnI-11p15.5b","mean_expression","density","Dry AMD",3,-0.443215260568237,0.19643976720057,0.707675465810085,"DESCRIPTIVE_n3",0.997991844291508
"Global locus-specific","TE-L1FLnI-3q13.13ma","detection_rate","density","Dry AMD",3,0.443096123039216,0.196334174252384,0.707760072601648,"DESCRIPTIVE_n3",0.997991844291508
"Global locus-specific","TE-L1FLnI-4p15.2b","mean_expression","total_strength","Dry AMD",3,-0.438346958806033,0.192148056294498,0.711128243453351,"DESCRIPTIVE_n3",0.997991844291508
"Global locus-specific","TE-L1FLnI-6q16.2d","detection_rate","density","Healthy",6,-0.194621619074922,0.0378775746113439,0.711753468836363,"INFERENTIAL",0.997991844291508
"Global locus-specific","TE-L1FLnI-3q13.13ma","mean_expression","density","Wet AMD",7,0.171263702224507,0.0293312556996446,0.713498859658716,"INFERENTIAL",0.997991844291508
"Global locus-specific","TE-L1FLnI-3q13.13ea","detection_rate","density","Dry AMD",3,0.430378071540328,0.185225284462772,0.716760489977501,"DESCRIPTIVE_n3",0.997991844291508
"Global locus-specific","TE-L1FLnI-3q13.13ma","mean_expression","density","Dry AMD",3,0.428451171600732,0.18357040644604,0.718118803408524,"DESCRIPTIVE_n3",0.997991844291508
"Global locus-specific","TE-L1FLnI-Xq23ab","mean_expression","density","Dry AMD",3,-0.426648195529964,0.182028682748975,0.719388516770881,"DESCRIPTIVE_n3",0.997991844291508
"Global locus-specific","TE-L1FLnI-Xq13.2ia","detection_rate","density","Dry AMD",3,0.409473052469573,0.16766818069875,0.731425143545364,"DESCRIPTIVE_n3",0.997991844291508
"Global locus-specific","TE-L1FLnI-3q13.13ea","mean_expression","density","Dry AMD",3,0.395066946316068,0.156077892071503,0.741442784482591,"DESCRIPTIVE_n3",0.997991844291508
"Global locus-specific","TE-L1FLnI-3q13.13ja","mean_expression","density","Dry AMD",3,0.387308553694741,0.150007915765112,0.746809632492976,"DESCRIPTIVE_n3",0.997991844291508
"Global locus-specific","TE-L1FLnI-15q11.2n","mean_expression","total_strength","Dry AMD",3,-0.378904740219621,0.143568802160899,0.752601597358198,"DESCRIPTIVE_n3",0.997991844291508
"Global locus-specific","TE-L1FLnI-2p24.3g","detection_rate","density","Dry AMD",3,0.361735608842483,0.130852650704642,0.764368621963801,"DESCRIPTIVE_n3",0.997991844291508
"Global locus-specific","TE-L1FLnI-4p15.2b","detection_rate","density","Healthy",6,0.153222328493784,0.0234770819490571,0.771965113840561,"INFERENTIAL",0.997991844291508
"Global locus-specific","TE-L1FLnI-6q16.2d","mean_expression","density","Dry AMD",3,0.324949309693154,0.105592053870057,0.789305511542302,"DESCRIPTIVE_n3",0.997991844291508
"Global locus-specific","TE-L1FLnI-2p24.3g","mean_expression","density","Dry AMD",3,0.317098682414378,0.100551574388934,0.794582711955764,"DESCRIPTIVE_n3",0.997991844291508
"Global locus-specific","TE-L1FLnI-3q13.13ma","detection_rate","total_strength","Wet AMD",7,0.113750503793596,0.0129391771132969,0.808138053386099,"INFERENTIAL",0.997991844291508
"Global locus-specific","TE-L1FLnI-6q16.2d","mean_expression","total_strength","Wet AMD",7,-0.111538790419218,0.0124409017681822,0.81182153510221,"INFERENTIAL",0.997991844291508
"Global locus-specific","TE-L1FLnI-15q11.2n","mean_expression","total_strength","Wet AMD",7,0.104711853288878,0.0109645722191915,0.823208586950137,"INFERENTIAL",0.997991844291508
"Global locus-specific","TE-L1FLnI-Xq13.2ia","mean_expression","density","Healthy",6,0.102859625439868,0.01058010254563,0.846254694532677,"INFERENTIAL",0.997991844291508
"Global locus-specific","TE-L1FLnI-4p15.2b","mean_expression","density","Healthy",6,0.09797390050754,0.00959888518066134,0.853509369349527,"INFERENTIAL",0.997991844291508
"Global locus-specific","TE-L1FLnI-Xq13.2ia","mean_expression","density","Dry AMD",3,-0.209619344703704,0.0439402696740103,0.865555046537516,"DESCRIPTIVE_n3",0.997991844291508
"Global locus-specific","TE-L1FLnI-21q22.13b","mean_expression","density","Healthy",6,0.0739550202020647,0.0054693450130878,0.88926971245737,"INFERENTIAL",0.997991844291508
"Global locus-specific","TE-L1FLnI-4p15.2b","mean_expression","total_strength","Wet AMD",7,-0.0624452185567142,0.0038994053205958,0.894196272076606,"INFERENTIAL",0.997991844291508
"Global locus-specific","TE-L1FLnI-11p15.5b","mean_expression","total_strength","Healthy",6,0.0630449777006249,0.00397466921327229,0.905557824915022,"INFERENTIAL",0.997991844291508
"Global locus-specific","TE-L1FLnI-21q22.13b","detection_rate","total_strength","Dry AMD",3,0.142918495816172,0.0204256964463572,0.90870263986846,"DESCRIPTIVE_n3",0.997991844291508
"Global locus-specific","TE-L1FLnI-Xq13.2ia","detection_rate","density","Healthy",6,0.0599331458404395,0.00359198197033139,0.910207920628983,"INFERENTIAL",0.997991844291508
"Global locus-specific","TE-L1FLnI-2p24.3g","mean_expression","total_strength","Dry AMD",3,-0.11668837895415,0.0136161777829472,0.925544247161252,"DESCRIPTIVE_n3",0.997991844291508
"Global locus-specific","TE-L1FLnI-21q22.13b","mean_expression","density","Dry AMD",3,-0.111081100042833,0.0123390107867259,0.929137333441489,"DESCRIPTIVE_n3",0.997991844291508
"Global locus-specific","TE-L1FLnI-6q16.2d","mean_expression","total_strength","Dry AMD",3,-0.108451685604452,0.0117617681104469,0.930821447574713,"DESCRIPTIVE_n3",0.997991844291508
"Global locus-specific","TE-L1FLnI-6q16.2d","mean_expression","density","Wet AMD",7,-0.0403249497663669,0.00162610157366001,0.93159788514818,"INFERENTIAL",0.997991844291508
"Global locus-specific","TE-L1FLnI-6q16.2d","detection_rate","total_strength","Dry AMD",3,0.078745302965751,0.00620082273916791,0.949817229331399,"DESCRIPTIVE_n3",0.997991844291508
"Global locus-specific","TE-L1FLnI-15q11.2n","detection_rate","total_strength","Dry AMD",3,0.0694432896531021,0.00482237047784464,0.955755419413398,"DESCRIPTIVE_n3",0.997991844291508
"Global locus-specific","TE-L1FLnI-2p24.3g","detection_rate","total_strength","Dry AMD",3,-0.0694387175416251,0.0048217354938256,0.955758337153215,"DESCRIPTIVE_n3",0.997991844291508
"Global locus-specific","TE-L1FLnI-3q13.13ka","detection_rate","total_strength","Dry AMD",3,0.0604822629993423,0.00365810413752161,0.961472281370473,"DESCRIPTIVE_n3",0.997991844291508
"Global locus-specific","TE-L1FLnI-3q13.13ma","mean_expression","total_strength","Wet AMD",7,0.0201683410249105,0.000406761979697087,0.965768123977937,"INFERENTIAL",0.997991844291508
"Global locus-specific","TE-L1FLnI-15q11.2n","mean_expression","density","Dry AMD",3,0.0509889224775563,0.00259987021542225,0.967525361758817,"DESCRIPTIVE_n3",0.997991844291508
"Global locus-specific","TE-L1FLnI-3q13.13ka","mean_expression","total_strength","Dry AMD",3,0.0503575138097082,0.00253587919709495,0.96792784608471,"DESCRIPTIVE_n3",0.997991844291508
"Global locus-specific","TE-L1FLnI-3q13.13ja","mean_expression","total_strength","Dry AMD",3,-0.0419007749411954,0.00175567494067271,0.973317326624039,"DESCRIPTIVE_n3",0.997991844291508
"Global locus-specific","TE-L1FLnI-15q11.2n","detection_rate","density","Healthy",6,-0.0155299640254652,0.000241179782632244,0.976706926718476,"INFERENTIAL",0.997991844291508
"Global locus-specific","TE-L1FLnI-3q13.13ea","mean_expression","total_strength","Dry AMD",3,-0.0334765642767788,0.0011206803557773,0.978684174634425,"DESCRIPTIVE_n3",0.997991844291508
"Global locus-specific","TE-L1FLnI-3q13.13ja","detection_rate","total_strength","Dry AMD",3,0.0240872727432783,0.00058019670820908,0.984664082690571,"DESCRIPTIVE_n3",0.997991844291508
"Global locus-specific","TE-L1FLnI-3q13.13ma","detection_rate","total_strength","Dry AMD",3,0.0194246381651393,0.000377316567846587,0.987633113484633,"DESCRIPTIVE_n3",0.997991844291508
"Global locus-specific","TE-L1FLnI-Xq13.2ia","detection_rate","total_strength","Dry AMD",3,-0.0177462150037041,0.000314928146957693,0.988701815571651,"DESCRIPTIVE_n3",0.997991844291508
"Global locus-specific","TE-L1FLnI-21q22.13b","detection_rate","density","Healthy",6,0.00645254994266063,4.16354007625297e-05,0.99032130941326,"INFERENTIAL",0.997991844291508
"Global locus-specific","TE-L1FLnI-4p15.2b","mean_expression","density","Dry AMD",3,-0.0141346788088029,0.000199789145028021,0.991001284336336,"DESCRIPTIVE_n3",0.997991844291508
"Global locus-specific","TE-L1FLnI-15q11.2n","mean_expression","density","Healthy",6,-0.00528967673181188,2.7980679927072e-05,0.992065558906658,"INFERENTIAL",0.997991844291508
"Global locus-specific","TE-L1FLnI-3q13.13ea","detection_rate","total_strength","Dry AMD",3,0.00528801271345428,2.79630784576541e-05,0.996633530860486,"DESCRIPTIVE_n3",0.997991844291508
"Global locus-specific","TE-L1FLnI-3q13.13ma","mean_expression","total_strength","Dry AMD",3,0.00315439837934316,9.95022913560278e-06,0.997991844291508,"DESCRIPTIVE_n3",0.997991844291508
