"locus","locus_clean","condition","sender","receiver","pathway","edge_r","edge_p","edge_FDR","method","n","r","p","pathway_FDR","direction","pathway_significance"
"TE-L1FLnI-2p24.3g","2p24.3g","Wet AMD","Amacrine","RPE","CNTN",0.993867157857273,5.63022956502523e-05,0.00663601005015594,"pearson",7,0.974947270687798,0.000188251172692206,0.000404237193657438,"POSITIVE","FDR<0.05"
"TE-L1FLnI-2p24.3g","2p24.3g","Wet AMD","Amacrine","RPE","ADGRL",0.993867157857273,5.63022956502523e-05,0.00663601005015594,"pearson",7,0.969077696108081,0.000317614937873696,0.000404237193657438,"POSITIVE","FDR<0.05"
"TE-L1FLnI-2p24.3g","2p24.3g","Wet AMD","Amacrine","RPE","NRXN",0.993867157857273,5.63022956502523e-05,0.00663601005015594,"pearson",7,0.969077696108081,0.000317614937873696,0.000404237193657438,"POSITIVE","FDR<0.05"
"TE-L1FLnI-2p24.3g","2p24.3g","Wet AMD","Amacrine","RPE","APP",0.993867157857273,5.63022956502523e-05,0.00663601005015594,"pearson",7,0.969077696108081,0.000317614937873699,0.000404237193657438,"POSITIVE","FDR<0.05"
"TE-L1FLnI-2p24.3g","2p24.3g","Wet AMD","Amacrine","RPE","CypA",0.993867157857273,5.63022956502523e-05,0.00663601005015594,"pearson",7,0.969077696108081,0.000317614937873699,0.000404237193657438,"POSITIVE","FDR<0.05"
"TE-L1FLnI-2p24.3g","2p24.3g","Wet AMD","Amacrine","RPE","GAS",0.993867157857273,5.63022956502523e-05,0.00663601005015594,"pearson",7,0.969077696108081,0.000317614937873699,0.000404237193657438,"POSITIVE","FDR<0.05"
"TE-L1FLnI-2p24.3g","2p24.3g","Wet AMD","Amacrine","RPE","NCAM",0.993867157857273,5.63022956502523e-05,0.00663601005015594,"pearson",7,0.969077696108081,0.000317614937873699,0.000404237193657438,"POSITIVE","FDR<0.05"
"TE-L1FLnI-2p24.3g","2p24.3g","Wet AMD","Amacrine","RPE","SLIT",0.993867157857273,5.63022956502523e-05,0.00663601005015594,"pearson",7,0.969077696108081,0.000317614937873699,0.000404237193657438,"POSITIVE","FDR<0.05"
"TE-L1FLnI-2p24.3g","2p24.3g","Wet AMD","Amacrine","RPE","FGF",0.993867157857273,5.63022956502523e-05,0.00663601005015594,"pearson",7,0.969077696108081,0.000317614937873701,0.000404237193657438,"POSITIVE","FDR<0.05"
"TE-L1FLnI-2p24.3g","2p24.3g","Wet AMD","Amacrine","RPE","PTN",0.993867157857273,5.63022956502523e-05,0.00663601005015594,"pearson",7,0.969077696108081,0.000317614937873701,0.000404237193657438,"POSITIVE","FDR<0.05"
"TE-L1FLnI-2p24.3g","2p24.3g","Wet AMD","Amacrine","RPE","TULP",0.993867157857273,5.63022956502523e-05,0.00663601005015594,"pearson",7,0.969077696108081,0.000317614937873701,0.000404237193657438,"POSITIVE","FDR<0.05"
"TE-L1FLnI-2p24.3g","2p24.3g","Wet AMD","Amacrine","RPE","PTPR",0.993867157857273,5.63022956502523e-05,0.00663601005015594,"pearson",7,0.775335899289732,0.0405426039465431,0.0463592365723763,"POSITIVE","FDR<0.05"
"TE-L1FLnI-2p24.3g","2p24.3g","Wet AMD","Amacrine","RPE","FLRT",0.993867157857273,5.63022956502523e-05,0.00663601005015594,"pearson",7,0.769574365417473,0.0430478625314923,0.0463592365723763,"POSITIVE","FDR<0.05"
"TE-L1FLnI-2p24.3g","2p24.3g","Wet AMD","Astrocyte","RPE","NCAM",0.976478198471468,0.00082340570662057,0.0347978411667476,"pearson",7,0.969077696108081,0.000317614937873699,0.000698752863322143,"POSITIVE","FDR<0.05"
"TE-L1FLnI-2p24.3g","2p24.3g","Wet AMD","Astrocyte","RPE","TENASCIN",0.976478198471468,0.00082340570662057,0.0347978411667476,"pearson",7,0.969077696108081,0.000317614937873699,0.000698752863322143,"POSITIVE","FDR<0.05"
"TE-L1FLnI-2p24.3g","2p24.3g","Wet AMD","Astrocyte","RPE","ADGRL",0.976478198471468,0.00082340570662057,0.0347978411667476,"pearson",7,0.969077696108081,0.000317614937873701,0.000698752863322143,"POSITIVE","FDR<0.05"
"TE-L1FLnI-2p24.3g","2p24.3g","Wet AMD","Astrocyte","RPE","COLLAGEN",0.976478198471468,0.00082340570662057,0.0347978411667476,"pearson",7,0.969077696108081,0.000317614937873701,0.000698752863322143,"POSITIVE","FDR<0.05"
"TE-L1FLnI-2p24.3g","2p24.3g","Wet AMD","Astrocyte","RPE","NRXN",0.976478198471468,0.00082340570662057,0.0347978411667476,"pearson",7,0.969077696108081,0.000317614937873701,0.000698752863322143,"POSITIVE","FDR<0.05"
"TE-L1FLnI-2p24.3g","2p24.3g","Wet AMD","Astrocyte","RPE","PTN",0.976478198471468,0.00082340570662057,0.0347978411667476,"pearson",7,0.857775897407548,0.0135509177752363,0.0248433492545998,"POSITIVE","FDR<0.05"
"TE-L1FLnI-2p24.3g","2p24.3g","Wet AMD","Horizontal","RPE","PTN",0.993245951405041,6.82717083349376e-05,0.00663601005015594,"pearson",7,0.979971000683447,0.000107876307366511,0.000404237193657438,"POSITIVE","FDR<0.05"
"TE-L1FLnI-2p24.3g","2p24.3g","Wet AMD","Horizontal","RPE","ADGRL",0.993245951405041,6.82717083349376e-05,0.00663601005015594,"pearson",7,0.969077696108081,0.000317614937873696,0.000404237193657438,"POSITIVE","FDR<0.05"
"TE-L1FLnI-2p24.3g","2p24.3g","Wet AMD","Horizontal","RPE","CypA",0.993245951405041,6.82717083349376e-05,0.00663601005015594,"pearson",7,0.969077696108081,0.000317614937873699,0.000404237193657438,"POSITIVE","FDR<0.05"
"TE-L1FLnI-2p24.3g","2p24.3g","Wet AMD","Horizontal","RPE","FGF",0.993245951405041,6.82717083349376e-05,0.00663601005015594,"pearson",7,0.969077696108081,0.000317614937873699,0.000404237193657438,"POSITIVE","FDR<0.05"
"TE-L1FLnI-2p24.3g","2p24.3g","Wet AMD","Horizontal","RPE","FLRT",0.993245951405041,6.82717083349376e-05,0.00663601005015594,"pearson",7,0.969077696108081,0.000317614937873699,0.000404237193657438,"POSITIVE","FDR<0.05"
"TE-L1FLnI-2p24.3g","2p24.3g","Wet AMD","Horizontal","RPE","NCAM",0.993245951405041,6.82717083349376e-05,0.00663601005015594,"pearson",7,0.969077696108081,0.000317614937873699,0.000404237193657438,"POSITIVE","FDR<0.05"
"TE-L1FLnI-2p24.3g","2p24.3g","Wet AMD","Horizontal","RPE","NOTCH",0.993245951405041,6.82717083349376e-05,0.00663601005015594,"pearson",7,0.969077696108081,0.000317614937873699,0.000404237193657438,"POSITIVE","FDR<0.05"
"TE-L1FLnI-2p24.3g","2p24.3g","Wet AMD","Horizontal","RPE","NRXN",0.993245951405041,6.82717083349376e-05,0.00663601005015594,"pearson",7,0.969077696108081,0.000317614937873699,0.000404237193657438,"POSITIVE","FDR<0.05"
"TE-L1FLnI-2p24.3g","2p24.3g","Wet AMD","Horizontal","RPE","GAS",0.993245951405041,6.82717083349376e-05,0.00663601005015594,"pearson",7,0.969077696108081,0.000317614937873701,0.000404237193657438,"POSITIVE","FDR<0.05"
"TE-L1FLnI-2p24.3g","2p24.3g","Wet AMD","Horizontal","RPE","TENASCIN",0.993245951405041,6.82717083349376e-05,0.00663601005015594,"pearson",7,0.969077696108081,0.000317614937873701,0.000404237193657438,"POSITIVE","FDR<0.05"
"TE-L1FLnI-2p24.3g","2p24.3g","Wet AMD","Horizontal","RPE","TULP",0.993245951405041,6.82717083349376e-05,0.00663601005015594,"pearson",7,0.969077696108081,0.000317614937873701,0.000404237193657438,"POSITIVE","FDR<0.05"
"TE-L1FLnI-2p24.3g","2p24.3g","Wet AMD","Muller glia","RPE","APP",0.988330409743338,0.000203474426606875,0.0102241508190562,"pearson",7,0.969077696108081,0.000317614937873696,0.000582294052768453,"POSITIVE","FDR<0.05"
"TE-L1FLnI-2p24.3g","2p24.3g","Wet AMD","Muller glia","RPE","EGF",0.988330409743338,0.000203474426606875,0.0102241508190562,"pearson",7,0.969077696108081,0.000317614937873696,0.000582294052768453,"POSITIVE","FDR<0.05"
"TE-L1FLnI-2p24.3g","2p24.3g","Wet AMD","Muller glia","RPE","NCAM",0.988330409743338,0.000203474426606875,0.0102241508190562,"pearson",7,0.969077696108081,0.000317614937873696,0.000582294052768453,"POSITIVE","FDR<0.05"
"TE-L1FLnI-2p24.3g","2p24.3g","Wet AMD","Muller glia","RPE","ADGRL",0.988330409743338,0.000203474426606875,0.0102241508190562,"pearson",7,0.969077696108081,0.000317614937873699,0.000582294052768453,"POSITIVE","FDR<0.05"
"TE-L1FLnI-2p24.3g","2p24.3g","Wet AMD","Muller glia","RPE","COLLAGEN",0.988330409743338,0.000203474426606875,0.0102241508190562,"pearson",7,0.969077696108081,0.000317614937873699,0.000582294052768453,"POSITIVE","FDR<0.05"
"TE-L1FLnI-2p24.3g","2p24.3g","Wet AMD","Muller glia","RPE","NRXN",0.988330409743338,0.000203474426606875,0.0102241508190562,"pearson",7,0.969077696108081,0.000317614937873701,0.000582294052768453,"POSITIVE","FDR<0.05"
"TE-L1FLnI-2p24.3g","2p24.3g","Wet AMD","Muller glia","RPE","SLITRK",0.988330409743338,0.000203474426606875,0.0102241508190562,"pearson",7,0.967057287137954,0.000371658844186668,0.000584035326579049,"POSITIVE","FDR<0.05"
"TE-L1FLnI-2p24.3g","2p24.3g","Wet AMD","RGC","RPE","CypA",0.991268936579962,0.000114014411774299,0.00852476986497065,"pearson",7,0.969077696108081,0.000317614937873696,0.000476422406810552,"POSITIVE","FDR<0.05"
"TE-L1FLnI-2p24.3g","2p24.3g","Wet AMD","RGC","RPE","FGF",0.991268936579962,0.000114014411774299,0.00852476986497065,"pearson",7,0.969077696108081,0.000317614937873696,0.000476422406810552,"POSITIVE","FDR<0.05"
"TE-L1FLnI-2p24.3g","2p24.3g","Wet AMD","RGC","RPE","GAS",0.991268936579962,0.000114014411774299,0.00852476986497065,"pearson",7,0.969077696108081,0.000317614937873696,0.000476422406810552,"POSITIVE","FDR<0.05"
"TE-L1FLnI-2p24.3g","2p24.3g","Wet AMD","RGC","RPE","COLLAGEN",0.991268936579962,0.000114014411774299,0.00852476986497065,"pearson",7,0.969077696108081,0.000317614937873699,0.000476422406810552,"POSITIVE","FDR<0.05"
"TE-L1FLnI-2p24.3g","2p24.3g","Wet AMD","RGC","RPE","NCAM",0.991268936579962,0.000114014411774299,0.00852476986497065,"pearson",7,0.969077696108081,0.000317614937873699,0.000476422406810552,"POSITIVE","FDR<0.05"
"TE-L1FLnI-2p24.3g","2p24.3g","Wet AMD","RGC","RPE","NRXN",0.991268936579962,0.000114014411774299,0.00852476986497065,"pearson",7,0.969077696108081,0.000317614937873699,0.000476422406810552,"POSITIVE","FDR<0.05"
"TE-L1FLnI-2p24.3g","2p24.3g","Wet AMD","RGC","RPE","ADGRL",0.991268936579962,0.000114014411774299,0.00852476986497065,"pearson",7,0.969077696108081,0.000317614937873701,0.000476422406810552,"POSITIVE","FDR<0.05"
"TE-L1FLnI-2p24.3g","2p24.3g","Wet AMD","RGC","RPE","RELN",0.991268936579962,0.000114014411774299,0.00852476986497065,"pearson",7,0.969077696108081,0.000317614937873701,0.000476422406810552,"POSITIVE","FDR<0.05"
"TE-L1FLnI-2p24.3g","2p24.3g","Wet AMD","RGC","RPE","PTPR",0.991268936579962,0.000114014411774299,0.00852476986497065,"pearson",7,0.897499279741972,0.00610937755932457,0.00814583674576609,"POSITIVE","FDR<0.05"
"TE-L1FLnI-2p24.3g","2p24.3g","Wet AMD","RPE","Horizontal","APP",0.993788014619319,5.77632871408375e-05,0.00663601005015594,"pearson",7,0.969077696108081,0.000317614937873699,0.000362988500427087,"POSITIVE","FDR<0.05"
"TE-L1FLnI-2p24.3g","2p24.3g","Wet AMD","RPE","Horizontal","FGF",0.993788014619319,5.77632871408375e-05,0.00663601005015594,"pearson",7,0.969077696108081,0.000317614937873699,0.000362988500427087,"POSITIVE","FDR<0.05"
"TE-L1FLnI-2p24.3g","2p24.3g","Wet AMD","RPE","Horizontal","FLRT",0.993788014619319,5.77632871408375e-05,0.00663601005015594,"pearson",7,0.969077696108081,0.000317614937873699,0.000362988500427087,"POSITIVE","FDR<0.05"
"TE-L1FLnI-2p24.3g","2p24.3g","Wet AMD","RPE","Horizontal","SLIT",0.993788014619319,5.77632871408375e-05,0.00663601005015594,"pearson",7,0.969077696108081,0.000317614937873699,0.000362988500427087,"POSITIVE","FDR<0.05"
"TE-L1FLnI-2p24.3g","2p24.3g","Wet AMD","RPE","Horizontal","UNC5",0.993788014619319,5.77632871408375e-05,0.00663601005015594,"pearson",7,0.969077696108081,0.000317614937873699,0.000362988500427087,"POSITIVE","FDR<0.05"
"TE-L1FLnI-2p24.3g","2p24.3g","Wet AMD","RPE","Horizontal","CD46",0.993788014619319,5.77632871408375e-05,0.00663601005015594,"pearson",7,0.969077696108081,0.000317614937873701,0.000362988500427087,"POSITIVE","FDR<0.05"
"TE-L1FLnI-2p24.3g","2p24.3g","Wet AMD","RPE","Horizontal","LAMININ",0.993788014619319,5.77632871408375e-05,0.00663601005015594,"pearson",7,0.969077696108081,0.000317614937873701,0.000362988500427087,"POSITIVE","FDR<0.05"
"TE-L1FLnI-2p24.3g","2p24.3g","Wet AMD","RPE","Horizontal","ADGRL",0.993788014619319,5.77632871408375e-05,0.00663601005015594,"pearson",7,0.96683528746233,0.000377906554269293,0.000377906554269293,"POSITIVE","FDR<0.05"
"TE-L1FLnI-3q13.13ea","3q13.13ea","Wet AMD","Amacrine","RPE","CypA",0.994349825045175,4.77965260899506e-05,0.00663601005015594,"pearson",7,0.97899261801037,0.000121472659829735,0.000162771106982905,"POSITIVE","FDR<0.05"
"TE-L1FLnI-3q13.13ea","3q13.13ea","Wet AMD","Amacrine","RPE","ADGRL",0.994349825045175,4.77965260899506e-05,0.00663601005015594,"pearson",7,0.97899261801037,0.000121472659829737,0.000162771106982905,"POSITIVE","FDR<0.05"
"TE-L1FLnI-3q13.13ea","3q13.13ea","Wet AMD","Amacrine","RPE","FGF",0.994349825045175,4.77965260899506e-05,0.00663601005015594,"pearson",7,0.97899261801037,0.000121472659829737,0.000162771106982905,"POSITIVE","FDR<0.05"
"TE-L1FLnI-3q13.13ea","3q13.13ea","Wet AMD","Amacrine","RPE","GAS",0.994349825045175,4.77965260899506e-05,0.00663601005015594,"pearson",7,0.97899261801037,0.000121472659829737,0.000162771106982905,"POSITIVE","FDR<0.05"
"TE-L1FLnI-3q13.13ea","3q13.13ea","Wet AMD","Amacrine","RPE","NCAM",0.994349825045175,4.77965260899506e-05,0.00663601005015594,"pearson",7,0.97899261801037,0.000121472659829737,0.000162771106982905,"POSITIVE","FDR<0.05"
"TE-L1FLnI-3q13.13ea","3q13.13ea","Wet AMD","Amacrine","RPE","NRXN",0.994349825045175,4.77965260899506e-05,0.00663601005015594,"pearson",7,0.97899261801037,0.000121472659829737,0.000162771106982905,"POSITIVE","FDR<0.05"
"TE-L1FLnI-3q13.13ea","3q13.13ea","Wet AMD","Amacrine","RPE","PTN",0.994349825045175,4.77965260899506e-05,0.00663601005015594,"pearson",7,0.97899261801037,0.000121472659829737,0.000162771106982905,"POSITIVE","FDR<0.05"
"TE-L1FLnI-3q13.13ea","3q13.13ea","Wet AMD","Amacrine","RPE","TULP",0.994349825045175,4.77965260899506e-05,0.00663601005015594,"pearson",7,0.97899261801037,0.000121472659829737,0.000162771106982905,"POSITIVE","FDR<0.05"
"TE-L1FLnI-3q13.13ea","3q13.13ea","Wet AMD","Amacrine","RPE","APP",0.994349825045175,4.77965260899506e-05,0.00663601005015594,"pearson",7,0.97899261801037,0.000121472659829738,0.000162771106982905,"POSITIVE","FDR<0.05"
"TE-L1FLnI-3q13.13ea","3q13.13ea","Wet AMD","Amacrine","RPE","SLIT",0.994349825045175,4.77965260899506e-05,0.00663601005015594,"pearson",7,0.97899261801037,0.00012147265982974,0.000162771106982905,"POSITIVE","FDR<0.05"
"TE-L1FLnI-3q13.13ea","3q13.13ea","Wet AMD","Amacrine","RPE","CNTN",0.994349825045175,4.77965260899506e-05,0.00663601005015594,"pearson",7,0.978553398808651,0.000127891584057997,0.000162771106982905,"POSITIVE","FDR<0.05"
"TE-L1FLnI-3q13.13ea","3q13.13ea","Wet AMD","Amacrine","RPE","PTPR",0.994349825045175,4.77965260899506e-05,0.00663601005015594,"pearson",7,0.768805895931729,0.0433882854905974,0.0496126546827079,"POSITIVE","FDR<0.05"
"TE-L1FLnI-3q13.13ea","3q13.13ea","Wet AMD","Amacrine","RPE","FLRT",0.994349825045175,4.77965260899506e-05,0.00663601005015594,"pearson",7,0.762867374463333,0.046068893633943,0.0496126546827079,"POSITIVE","FDR<0.05"
"TE-L1FLnI-3q13.13ea","3q13.13ea","Wet AMD","Astrocyte","RPE","NCAM",0.975639981596551,0.0008828879996154,0.0357569639844237,"pearson",7,0.978992618010371,0.000121472659829733,0.000267239851625421,"POSITIVE","FDR<0.05"
"TE-L1FLnI-3q13.13ea","3q13.13ea","Wet AMD","Astrocyte","RPE","ADGRL",0.975639981596551,0.0008828879996154,0.0357569639844237,"pearson",7,0.97899261801037,0.000121472659829737,0.000267239851625421,"POSITIVE","FDR<0.05"
"TE-L1FLnI-3q13.13ea","3q13.13ea","Wet AMD","Astrocyte","RPE","COLLAGEN",0.975639981596551,0.0008828879996154,0.0357569639844237,"pearson",7,0.97899261801037,0.000121472659829737,0.000267239851625421,"POSITIVE","FDR<0.05"
"TE-L1FLnI-3q13.13ea","3q13.13ea","Wet AMD","Astrocyte","RPE","NRXN",0.975639981596551,0.0008828879996154,0.0357569639844237,"pearson",7,0.97899261801037,0.000121472659829737,0.000267239851625421,"POSITIVE","FDR<0.05"
"TE-L1FLnI-3q13.13ea","3q13.13ea","Wet AMD","Astrocyte","RPE","TENASCIN",0.975639981596551,0.0008828879996154,0.0357569639844237,"pearson",7,0.97899261801037,0.000121472659829737,0.000267239851625421,"POSITIVE","FDR<0.05"
"TE-L1FLnI-3q13.13ea","3q13.13ea","Wet AMD","Astrocyte","RPE","PTN",0.975639981596551,0.0008828879996154,0.0357569639844237,"pearson",7,0.854141043294038,0.0144038695523406,0.0264070941792911,"POSITIVE","FDR<0.05"
"TE-L1FLnI-3q13.13ea","3q13.13ea","Wet AMD","Horizontal","RPE","PTN",0.993575143418635,6.17855680092635e-05,0.00663601005015594,"pearson",7,0.984334173677013,5.85035953554412e-05,0.000154601567056031,"POSITIVE","FDR<0.05"
"TE-L1FLnI-3q13.13ea","3q13.13ea","Wet AMD","Horizontal","RPE","FLRT",0.993575143418635,6.17855680092635e-05,0.00663601005015594,"pearson",7,0.97899261801037,0.000121472659829735,0.000154601567056031,"POSITIVE","FDR<0.05"
"TE-L1FLnI-3q13.13ea","3q13.13ea","Wet AMD","Horizontal","RPE","TULP",0.993575143418635,6.17855680092635e-05,0.00663601005015594,"pearson",7,0.97899261801037,0.000121472659829735,0.000154601567056031,"POSITIVE","FDR<0.05"
"TE-L1FLnI-3q13.13ea","3q13.13ea","Wet AMD","Horizontal","RPE","ADGRL",0.993575143418635,6.17855680092635e-05,0.00663601005015594,"pearson",7,0.97899261801037,0.000121472659829737,0.000154601567056031,"POSITIVE","FDR<0.05"
"TE-L1FLnI-3q13.13ea","3q13.13ea","Wet AMD","Horizontal","RPE","FGF",0.993575143418635,6.17855680092635e-05,0.00663601005015594,"pearson",7,0.97899261801037,0.000121472659829737,0.000154601567056031,"POSITIVE","FDR<0.05"
"TE-L1FLnI-3q13.13ea","3q13.13ea","Wet AMD","Horizontal","RPE","NCAM",0.993575143418635,6.17855680092635e-05,0.00663601005015594,"pearson",7,0.97899261801037,0.000121472659829737,0.000154601567056031,"POSITIVE","FDR<0.05"
"TE-L1FLnI-3q13.13ea","3q13.13ea","Wet AMD","Horizontal","RPE","NOTCH",0.993575143418635,6.17855680092635e-05,0.00663601005015594,"pearson",7,0.97899261801037,0.000121472659829737,0.000154601567056031,"POSITIVE","FDR<0.05"
"TE-L1FLnI-3q13.13ea","3q13.13ea","Wet AMD","Horizontal","RPE","CypA",0.993575143418635,6.17855680092635e-05,0.00663601005015594,"pearson",7,0.97899261801037,0.000121472659829738,0.000154601567056031,"POSITIVE","FDR<0.05"
"TE-L1FLnI-3q13.13ea","3q13.13ea","Wet AMD","Horizontal","RPE","GAS",0.993575143418635,6.17855680092635e-05,0.00663601005015594,"pearson",7,0.97899261801037,0.000121472659829738,0.000154601567056031,"POSITIVE","FDR<0.05"
"TE-L1FLnI-3q13.13ea","3q13.13ea","Wet AMD","Horizontal","RPE","NRXN",0.993575143418635,6.17855680092635e-05,0.00663601005015594,"pearson",7,0.97899261801037,0.000121472659829738,0.000154601567056031,"POSITIVE","FDR<0.05"
"TE-L1FLnI-3q13.13ea","3q13.13ea","Wet AMD","Horizontal","RPE","TENASCIN",0.993575143418635,6.17855680092635e-05,0.00663601005015594,"pearson",7,0.97899261801037,0.000121472659829738,0.000154601567056031,"POSITIVE","FDR<0.05"
"TE-L1FLnI-3q13.13ea","3q13.13ea","Wet AMD","Muller glia","RPE","APP",0.988133832773601,0.000210373473643131,0.0102241508190562,"pearson",7,0.97899261801037,0.000121472659829735,0.00022269987635452,"POSITIVE","FDR<0.05"
"TE-L1FLnI-3q13.13ea","3q13.13ea","Wet AMD","Muller glia","RPE","EGF",0.988133832773601,0.000210373473643131,0.0102241508190562,"pearson",7,0.97899261801037,0.000121472659829737,0.00022269987635452,"POSITIVE","FDR<0.05"
"TE-L1FLnI-3q13.13ea","3q13.13ea","Wet AMD","Muller glia","RPE","ADGRL",0.988133832773601,0.000210373473643131,0.0102241508190562,"pearson",7,0.97899261801037,0.000121472659829738,0.00022269987635452,"POSITIVE","FDR<0.05"
"TE-L1FLnI-3q13.13ea","3q13.13ea","Wet AMD","Muller glia","RPE","COLLAGEN",0.988133832773601,0.000210373473643131,0.0102241508190562,"pearson",7,0.97899261801037,0.000121472659829738,0.00022269987635452,"POSITIVE","FDR<0.05"
"TE-L1FLnI-3q13.13ea","3q13.13ea","Wet AMD","Muller glia","RPE","NCAM",0.988133832773601,0.000210373473643131,0.0102241508190562,"pearson",7,0.97899261801037,0.000121472659829738,0.00022269987635452,"POSITIVE","FDR<0.05"
"TE-L1FLnI-3q13.13ea","3q13.13ea","Wet AMD","Muller glia","RPE","NRXN",0.988133832773601,0.000210373473643131,0.0102241508190562,"pearson",7,0.97899261801037,0.000121472659829738,0.00022269987635452,"POSITIVE","FDR<0.05"
"TE-L1FLnI-3q13.13ea","3q13.13ea","Wet AMD","Muller glia","RPE","SLITRK",0.988133832773601,0.000210373473643131,0.0102241508190562,"pearson",7,0.969754580061035,0.000300628049678073,0.000472415506636971,"POSITIVE","FDR<0.05"
"TE-L1FLnI-3q13.13ea","3q13.13ea","Wet AMD","RGC","RPE","ADGRL",0.991329067719492,0.000112451637609181,0.00852476986497065,"pearson",7,0.97899261801037,0.000121472659829737,0.00018220898974461,"POSITIVE","FDR<0.05"
"TE-L1FLnI-3q13.13ea","3q13.13ea","Wet AMD","RGC","RPE","CypA",0.991329067719492,0.000112451637609181,0.00852476986497065,"pearson",7,0.97899261801037,0.000121472659829737,0.00018220898974461,"POSITIVE","FDR<0.05"
"TE-L1FLnI-3q13.13ea","3q13.13ea","Wet AMD","RGC","RPE","FGF",0.991329067719492,0.000112451637609181,0.00852476986497065,"pearson",7,0.97899261801037,0.000121472659829737,0.00018220898974461,"POSITIVE","FDR<0.05"
"TE-L1FLnI-3q13.13ea","3q13.13ea","Wet AMD","RGC","RPE","NCAM",0.991329067719492,0.000112451637609181,0.00852476986497065,"pearson",7,0.97899261801037,0.000121472659829737,0.00018220898974461,"POSITIVE","FDR<0.05"
"TE-L1FLnI-3q13.13ea","3q13.13ea","Wet AMD","RGC","RPE","NRXN",0.991329067719492,0.000112451637609181,0.00852476986497065,"pearson",7,0.97899261801037,0.000121472659829737,0.00018220898974461,"POSITIVE","FDR<0.05"
"TE-L1FLnI-3q13.13ea","3q13.13ea","Wet AMD","RGC","RPE","COLLAGEN",0.991329067719492,0.000112451637609181,0.00852476986497065,"pearson",7,0.97899261801037,0.000121472659829738,0.00018220898974461,"POSITIVE","FDR<0.05"
"TE-L1FLnI-3q13.13ea","3q13.13ea","Wet AMD","RGC","RPE","RELN",0.991329067719492,0.000112451637609181,0.00852476986497065,"pearson",7,0.97899261801037,0.000121472659829738,0.00018220898974461,"POSITIVE","FDR<0.05"
"TE-L1FLnI-3q13.13ea","3q13.13ea","Wet AMD","RGC","RPE","GAS",0.991329067719492,0.000112451637609181,0.00852476986497065,"pearson",7,0.97899261801037,0.00012147265982974,0.00018220898974461,"POSITIVE","FDR<0.05"
"TE-L1FLnI-3q13.13ea","3q13.13ea","Wet AMD","RGC","RPE","PTPR",0.991329067719492,0.000112451637609181,0.00852476986497065,"pearson",7,0.895616837202025,0.00638707241152573,0.00851609654870097,"POSITIVE","FDR<0.05"
"TE-L1FLnI-3q13.13ea","3q13.13ea","Wet AMD","RPE","Horizontal","FLRT",0.994244729065358,4.95893989640905e-05,0.00663601005015594,"pearson",7,0.97899261801037,0.000121472659829735,0.000138825896948274,"POSITIVE","FDR<0.05"
"TE-L1FLnI-3q13.13ea","3q13.13ea","Wet AMD","RPE","Horizontal","SLIT",0.994244729065358,4.95893989640905e-05,0.00663601005015594,"pearson",7,0.97899261801037,0.000121472659829735,0.000138825896948274,"POSITIVE","FDR<0.05"
"TE-L1FLnI-3q13.13ea","3q13.13ea","Wet AMD","RPE","Horizontal","APP",0.994244729065358,4.95893989640905e-05,0.00663601005015594,"pearson",7,0.97899261801037,0.000121472659829737,0.000138825896948274,"POSITIVE","FDR<0.05"
"TE-L1FLnI-3q13.13ea","3q13.13ea","Wet AMD","RPE","Horizontal","FGF",0.994244729065358,4.95893989640905e-05,0.00663601005015594,"pearson",7,0.97899261801037,0.000121472659829737,0.000138825896948274,"POSITIVE","FDR<0.05"
"TE-L1FLnI-3q13.13ea","3q13.13ea","Wet AMD","RPE","Horizontal","CD46",0.994244729065358,4.95893989640905e-05,0.00663601005015594,"pearson",7,0.97899261801037,0.000121472659829738,0.000138825896948274,"POSITIVE","FDR<0.05"
"TE-L1FLnI-3q13.13ea","3q13.13ea","Wet AMD","RPE","Horizontal","UNC5",0.994244729065358,4.95893989640905e-05,0.00663601005015594,"pearson",7,0.97899261801037,0.000121472659829738,0.000138825896948274,"POSITIVE","FDR<0.05"
"TE-L1FLnI-3q13.13ea","3q13.13ea","Wet AMD","RPE","Horizontal","LAMININ",0.994244729065358,4.95893989640905e-05,0.00663601005015594,"pearson",7,0.97899261801037,0.00012147265982974,0.000138825896948274,"POSITIVE","FDR<0.05"
"TE-L1FLnI-3q13.13ea","3q13.13ea","Wet AMD","RPE","Horizontal","ADGRL",0.994244729065358,4.95893989640905e-05,0.00663601005015594,"pearson",7,0.969509947159085,0.000306703253842805,0.000306703253842805,"POSITIVE","FDR<0.05"
"TE-L1FLnI-3q13.13ja","3q13.13ja","Wet AMD","Amacrine","RPE","CNTN",0.98960671809638,0.000161469120332222,0.0097670006571187,"pearson",7,0.997872650897609,4.00456757893359e-07,5.60639461050702e-06,"POSITIVE","FDR<0.05"
"TE-L1FLnI-3q13.13ja","3q13.13ja","Wet AMD","Amacrine","RPE","ADGRL",0.98960671809638,0.000161469120332222,0.0097670006571187,"pearson",7,0.94924869883734,0.00108432811410184,0.00138005396340236,"POSITIVE","FDR<0.05"
"TE-L1FLnI-3q13.13ja","3q13.13ja","Wet AMD","Amacrine","RPE","SLIT",0.98960671809638,0.000161469120332222,0.0097670006571187,"pearson",7,0.94924869883734,0.00108432811410184,0.00138005396340236,"POSITIVE","FDR<0.05"
"TE-L1FLnI-3q13.13ja","3q13.13ja","Wet AMD","Amacrine","RPE","TULP",0.98960671809638,0.000161469120332222,0.0097670006571187,"pearson",7,0.94924869883734,0.00108432811410184,0.00138005396340236,"POSITIVE","FDR<0.05"
"TE-L1FLnI-3q13.13ja","3q13.13ja","Wet AMD","Amacrine","RPE","APP",0.98960671809638,0.000161469120332222,0.0097670006571187,"pearson",7,0.949248698837339,0.00108432811410185,0.00138005396340236,"POSITIVE","FDR<0.05"
"TE-L1FLnI-3q13.13ja","3q13.13ja","Wet AMD","Amacrine","RPE","CypA",0.98960671809638,0.000161469120332222,0.0097670006571187,"pearson",7,0.949248698837339,0.00108432811410185,0.00138005396340236,"POSITIVE","FDR<0.05"
"TE-L1FLnI-3q13.13ja","3q13.13ja","Wet AMD","Amacrine","RPE","FGF",0.98960671809638,0.000161469120332222,0.0097670006571187,"pearson",7,0.949248698837339,0.00108432811410185,0.00138005396340236,"POSITIVE","FDR<0.05"
"TE-L1FLnI-3q13.13ja","3q13.13ja","Wet AMD","Amacrine","RPE","GAS",0.98960671809638,0.000161469120332222,0.0097670006571187,"pearson",7,0.949248698837339,0.00108432811410185,0.00138005396340236,"POSITIVE","FDR<0.05"
"TE-L1FLnI-3q13.13ja","3q13.13ja","Wet AMD","Amacrine","RPE","NCAM",0.98960671809638,0.000161469120332222,0.0097670006571187,"pearson",7,0.949248698837339,0.00108432811410185,0.00138005396340236,"POSITIVE","FDR<0.05"
"TE-L1FLnI-3q13.13ja","3q13.13ja","Wet AMD","Amacrine","RPE","NRXN",0.98960671809638,0.000161469120332222,0.0097670006571187,"pearson",7,0.949248698837339,0.00108432811410185,0.00138005396340236,"POSITIVE","FDR<0.05"
"TE-L1FLnI-3q13.13ja","3q13.13ja","Wet AMD","Amacrine","RPE","PTN",0.98960671809638,0.000161469120332222,0.0097670006571187,"pearson",7,0.949248698837339,0.00108432811410185,0.00138005396340236,"POSITIVE","FDR<0.05"
"TE-L1FLnI-3q13.13ja","3q13.13ja","Wet AMD","Amacrine","RPE","PTPR",0.98960671809638,0.000161469120332222,0.0097670006571187,"pearson",7,0.856832695477975,0.0137693892798112,0.0160642874931131,"POSITIVE","FDR<0.05"
"TE-L1FLnI-3q13.13ja","3q13.13ja","Wet AMD","Amacrine","RPE","FLRT",0.98960671809638,0.000161469120332222,0.0097670006571187,"pearson",7,0.851983684179911,0.0149242338336474,0.0160722518208511,"POSITIVE","FDR<0.05"
"TE-L1FLnI-3q13.13ja","3q13.13ja","Wet AMD","Astrocyte","RPE","COLLAGEN",0.997735111534069,7.68877052309995e-06,0.00567203253948241,"pearson",7,0.94924869883734,0.00108432811410184,0.00238552185102408,"POSITIVE","FDR<0.05"
"TE-L1FLnI-3q13.13ja","3q13.13ja","Wet AMD","Astrocyte","RPE","NCAM",0.997735111534069,7.68877052309995e-06,0.00567203253948241,"pearson",7,0.94924869883734,0.00108432811410184,0.00238552185102408,"POSITIVE","FDR<0.05"
"TE-L1FLnI-3q13.13ja","3q13.13ja","Wet AMD","Astrocyte","RPE","TENASCIN",0.997735111534069,7.68877052309995e-06,0.00567203253948241,"pearson",7,0.94924869883734,0.00108432811410184,0.00238552185102408,"POSITIVE","FDR<0.05"
"TE-L1FLnI-3q13.13ja","3q13.13ja","Wet AMD","Astrocyte","RPE","NRXN",0.997735111534069,7.68877052309995e-06,0.00567203253948241,"pearson",7,0.949248698837339,0.00108432811410185,0.00238552185102408,"POSITIVE","FDR<0.05"
"TE-L1FLnI-3q13.13ja","3q13.13ja","Wet AMD","Astrocyte","RPE","ADGRL",0.997735111534069,7.68877052309995e-06,0.00567203253948241,"pearson",7,0.949248698837339,0.00108432811410186,0.00238552185102408,"POSITIVE","FDR<0.05"
"TE-L1FLnI-3q13.13ja","3q13.13ja","Wet AMD","Astrocyte","RPE","PTN",0.997735111534069,7.68877052309995e-06,0.00567203253948241,"pearson",7,0.923774105294312,0.00295624944076486,0.00541979064140224,"POSITIVE","FDR<0.05"
"TE-L1FLnI-3q13.13ja","3q13.13ja","Wet AMD","Astrocyte","RPE","SLITRK",0.997735111534069,7.68877052309995e-06,0.00567203253948241,"pearson",7,0.867310447465271,0.0114539353180548,0.0179990412140862,"POSITIVE","FDR<0.05"
"TE-L1FLnI-3q13.13ja","3q13.13ja","Wet AMD","Horizontal","RPE","PTN",0.991957580060541,9.67606837781412e-05,0.00852476986497065,"pearson",7,0.998043247031673,3.24966383690542e-07,4.54952937166759e-06,"POSITIVE","FDR<0.05"
"TE-L1FLnI-3q13.13ja","3q13.13ja","Wet AMD","Horizontal","RPE","FGF",0.991957580060541,9.67606837781412e-05,0.00852476986497065,"pearson",7,0.94924869883734,0.00108432811410184,0.00138005396340236,"POSITIVE","FDR<0.05"
"TE-L1FLnI-3q13.13ja","3q13.13ja","Wet AMD","Horizontal","RPE","NCAM",0.991957580060541,9.67606837781412e-05,0.00852476986497065,"pearson",7,0.94924869883734,0.00108432811410184,0.00138005396340236,"POSITIVE","FDR<0.05"
"TE-L1FLnI-3q13.13ja","3q13.13ja","Wet AMD","Horizontal","RPE","NRXN",0.991957580060541,9.67606837781412e-05,0.00852476986497065,"pearson",7,0.94924869883734,0.00108432811410184,0.00138005396340236,"POSITIVE","FDR<0.05"
"TE-L1FLnI-3q13.13ja","3q13.13ja","Wet AMD","Horizontal","RPE","ADGRL",0.991957580060541,9.67606837781412e-05,0.00852476986497065,"pearson",7,0.949248698837339,0.00108432811410185,0.00138005396340236,"POSITIVE","FDR<0.05"
"TE-L1FLnI-3q13.13ja","3q13.13ja","Wet AMD","Horizontal","RPE","CypA",0.991957580060541,9.67606837781412e-05,0.00852476986497065,"pearson",7,0.949248698837339,0.00108432811410185,0.00138005396340236,"POSITIVE","FDR<0.05"
"TE-L1FLnI-3q13.13ja","3q13.13ja","Wet AMD","Horizontal","RPE","FLRT",0.991957580060541,9.67606837781412e-05,0.00852476986497065,"pearson",7,0.949248698837339,0.00108432811410185,0.00138005396340236,"POSITIVE","FDR<0.05"
"TE-L1FLnI-3q13.13ja","3q13.13ja","Wet AMD","Horizontal","RPE","GAS",0.991957580060541,9.67606837781412e-05,0.00852476986497065,"pearson",7,0.949248698837339,0.00108432811410185,0.00138005396340236,"POSITIVE","FDR<0.05"
"TE-L1FLnI-3q13.13ja","3q13.13ja","Wet AMD","Horizontal","RPE","NOTCH",0.991957580060541,9.67606837781412e-05,0.00852476986497065,"pearson",7,0.949248698837339,0.00108432811410185,0.00138005396340236,"POSITIVE","FDR<0.05"
"TE-L1FLnI-3q13.13ja","3q13.13ja","Wet AMD","Horizontal","RPE","TULP",0.991957580060541,9.67606837781412e-05,0.00852476986497065,"pearson",7,0.949248698837339,0.00108432811410185,0.00138005396340236,"POSITIVE","FDR<0.05"
"TE-L1FLnI-3q13.13ja","3q13.13ja","Wet AMD","Horizontal","RPE","TENASCIN",0.991957580060541,9.67606837781412e-05,0.00852476986497065,"pearson",7,0.949248698837339,0.00108432811410186,0.00138005396340236,"POSITIVE","FDR<0.05"
"TE-L1FLnI-3q13.13ja","3q13.13ja","Wet AMD","Muller glia","RPE","SLITRK",0.997209335153185,1.16708488466716e-05,0.00567203253948241,"pearson",7,0.995718871410956,2.29801445155053e-06,2.52781589670558e-05,"POSITIVE","FDR<0.05"
"TE-L1FLnI-3q13.13ja","3q13.13ja","Wet AMD","Muller glia","RPE","APP",0.997209335153185,1.16708488466716e-05,0.00567203253948241,"pearson",7,0.94924869883734,0.00108432811410184,0.00170394417930292,"POSITIVE","FDR<0.05"
"TE-L1FLnI-3q13.13ja","3q13.13ja","Wet AMD","Muller glia","RPE","COLLAGEN",0.997209335153185,1.16708488466716e-05,0.00567203253948241,"pearson",7,0.94924869883734,0.00108432811410184,0.00170394417930292,"POSITIVE","FDR<0.05"
"TE-L1FLnI-3q13.13ja","3q13.13ja","Wet AMD","Muller glia","RPE","EGF",0.997209335153185,1.16708488466716e-05,0.00567203253948241,"pearson",7,0.94924869883734,0.00108432811410184,0.00170394417930292,"POSITIVE","FDR<0.05"
"TE-L1FLnI-3q13.13ja","3q13.13ja","Wet AMD","Muller glia","RPE","ADGRL",0.997209335153185,1.16708488466716e-05,0.00567203253948241,"pearson",7,0.949248698837339,0.00108432811410185,0.00170394417930292,"POSITIVE","FDR<0.05"
"TE-L1FLnI-3q13.13ja","3q13.13ja","Wet AMD","Muller glia","RPE","NCAM",0.997209335153185,1.16708488466716e-05,0.00567203253948241,"pearson",7,0.949248698837339,0.00108432811410185,0.00170394417930292,"POSITIVE","FDR<0.05"
"TE-L1FLnI-3q13.13ja","3q13.13ja","Wet AMD","Muller glia","RPE","NRXN",0.997209335153185,1.16708488466716e-05,0.00567203253948241,"pearson",7,0.949248698837339,0.00108432811410186,0.00170394417930292,"POSITIVE","FDR<0.05"
"TE-L1FLnI-3q13.13ja","3q13.13ja","Wet AMD","RGC","RPE","PTPR",0.995186413616582,3.47001539302231e-05,0.00663601005015594,"pearson",7,0.953623602021917,0.000867601502913058,0.00144577081880247,"POSITIVE","FDR<0.05"
"TE-L1FLnI-3q13.13ja","3q13.13ja","Wet AMD","RGC","RPE","CypA",0.995186413616582,3.47001539302231e-05,0.00663601005015594,"pearson",7,0.94924869883734,0.00108432811410184,0.00144577081880247,"POSITIVE","FDR<0.05"
"TE-L1FLnI-3q13.13ja","3q13.13ja","Wet AMD","RGC","RPE","NCAM",0.995186413616582,3.47001539302231e-05,0.00663601005015594,"pearson",7,0.94924869883734,0.00108432811410184,0.00144577081880247,"POSITIVE","FDR<0.05"
"TE-L1FLnI-3q13.13ja","3q13.13ja","Wet AMD","RGC","RPE","ADGRL",0.995186413616582,3.47001539302231e-05,0.00663601005015594,"pearson",7,0.94924869883734,0.00108432811410184,0.00144577081880247,"POSITIVE","FDR<0.05"
"TE-L1FLnI-3q13.13ja","3q13.13ja","Wet AMD","RGC","RPE","FGF",0.995186413616582,3.47001539302231e-05,0.00663601005015594,"pearson",7,0.94924869883734,0.00108432811410184,0.00144577081880247,"POSITIVE","FDR<0.05"
"TE-L1FLnI-3q13.13ja","3q13.13ja","Wet AMD","RGC","RPE","RELN",0.995186413616582,3.47001539302231e-05,0.00663601005015594,"pearson",7,0.94924869883734,0.00108432811410184,0.00144577081880247,"POSITIVE","FDR<0.05"
"TE-L1FLnI-3q13.13ja","3q13.13ja","Wet AMD","RGC","RPE","NRXN",0.995186413616582,3.47001539302231e-05,0.00663601005015594,"pearson",7,0.949248698837339,0.00108432811410185,0.00144577081880247,"POSITIVE","FDR<0.05"
"TE-L1FLnI-3q13.13ja","3q13.13ja","Wet AMD","RGC","RPE","COLLAGEN",0.995186413616582,3.47001539302231e-05,0.00663601005015594,"pearson",7,0.949248698837339,0.00108432811410186,0.00144577081880247,"POSITIVE","FDR<0.05"
"TE-L1FLnI-3q13.13ja","3q13.13ja","Wet AMD","RGC","RPE","GAS",0.995186413616582,3.47001539302231e-05,0.00663601005015594,"pearson",7,0.949248698837339,0.00108432811410186,0.00144577081880247,"POSITIVE","FDR<0.05"
"TE-L1FLnI-3q13.13ja","3q13.13ja","Wet AMD","RPE","Horizontal","ADGRL",0.990030286198197,0.000148597319119598,0.0097670006571187,"pearson",7,0.995638488500198,2.40730378908346e-06,1.92584303126677e-05,"POSITIVE","FDR<0.05"
"TE-L1FLnI-3q13.13ja","3q13.13ja","Wet AMD","RPE","Horizontal","FGF",0.990030286198197,0.000148597319119598,0.0097670006571187,"pearson",7,0.94924869883734,0.00108432811410184,0.00108432811410185,"POSITIVE","FDR<0.05"
"TE-L1FLnI-3q13.13ja","3q13.13ja","Wet AMD","RPE","Horizontal","APP",0.990030286198197,0.000148597319119598,0.0097670006571187,"pearson",7,0.94924869883734,0.00108432811410184,0.00108432811410185,"POSITIVE","FDR<0.05"
"TE-L1FLnI-3q13.13ja","3q13.13ja","Wet AMD","RPE","Horizontal","SLIT",0.990030286198197,0.000148597319119598,0.0097670006571187,"pearson",7,0.94924869883734,0.00108432811410184,0.00108432811410185,"POSITIVE","FDR<0.05"
"TE-L1FLnI-3q13.13ja","3q13.13ja","Wet AMD","RPE","Horizontal","CD46",0.990030286198197,0.000148597319119598,0.0097670006571187,"pearson",7,0.949248698837339,0.00108432811410185,0.00108432811410185,"POSITIVE","FDR<0.05"
"TE-L1FLnI-3q13.13ja","3q13.13ja","Wet AMD","RPE","Horizontal","FLRT",0.990030286198197,0.000148597319119598,0.0097670006571187,"pearson",7,0.949248698837339,0.00108432811410185,0.00108432811410185,"POSITIVE","FDR<0.05"
"TE-L1FLnI-3q13.13ja","3q13.13ja","Wet AMD","RPE","Horizontal","LAMININ",0.990030286198197,0.000148597319119598,0.0097670006571187,"pearson",7,0.949248698837339,0.00108432811410185,0.00108432811410185,"POSITIVE","FDR<0.05"
"TE-L1FLnI-3q13.13ja","3q13.13ja","Wet AMD","RPE","Horizontal","UNC5",0.990030286198197,0.000148597319119598,0.0097670006571187,"pearson",7,0.949248698837339,0.00108432811410185,0.00108432811410185,"POSITIVE","FDR<0.05"
"TE-L1FLnI-3q13.13ja","3q13.13ja","Wet AMD","RPE","RPE","FLRT",0.996128592512546,2.24526819681725e-05,0.00663601005015594,"pearson",7,0.94951941440656,0.00107008386582772,0.00156625172036936,"POSITIVE","FDR<0.05"
"TE-L1FLnI-3q13.13ja","3q13.13ja","Wet AMD","RPE","RPE","CypA",0.996128592512546,2.24526819681725e-05,0.00663601005015594,"pearson",7,0.94924869883734,0.00108432811410184,0.00156625172036936,"POSITIVE","FDR<0.05"
"TE-L1FLnI-3q13.13ja","3q13.13ja","Wet AMD","RPE","RPE","SLIT",0.996128592512546,2.24526819681725e-05,0.00663601005015594,"pearson",7,0.94924869883734,0.00108432811410184,0.00156625172036936,"POSITIVE","FDR<0.05"
"TE-L1FLnI-3q13.13ja","3q13.13ja","Wet AMD","RPE","RPE","ADGRL",0.996128592512546,2.24526819681725e-05,0.00663601005015594,"pearson",7,0.94924869883734,0.00108432811410184,0.00156625172036936,"POSITIVE","FDR<0.05"
"TE-L1FLnI-3q13.13ja","3q13.13ja","Wet AMD","RPE","RPE","FGF",0.996128592512546,2.24526819681725e-05,0.00663601005015594,"pearson",7,0.94924869883734,0.00108432811410184,0.00156625172036936,"POSITIVE","FDR<0.05"
"TE-L1FLnI-3q13.13ja","3q13.13ja","Wet AMD","RPE","RPE","SEMA4",0.996128592512546,2.24526819681725e-05,0.00663601005015594,"pearson",7,0.94924869883734,0.00108432811410184,0.00156625172036936,"POSITIVE","FDR<0.05"
"TE-L1FLnI-3q13.13ja","3q13.13ja","Wet AMD","RPE","RPE","APP",0.996128592512546,2.24526819681725e-05,0.00663601005015594,"pearson",7,0.949248698837339,0.00108432811410185,0.00156625172036936,"POSITIVE","FDR<0.05"
"TE-L1FLnI-3q13.13ja","3q13.13ja","Wet AMD","RPE","RPE","COLLAGEN",0.996128592512546,2.24526819681725e-05,0.00663601005015594,"pearson",7,0.949248698837339,0.00108432811410185,0.00156625172036936,"POSITIVE","FDR<0.05"
"TE-L1FLnI-3q13.13ja","3q13.13ja","Wet AMD","RPE","RPE","PTPRM",0.996128592512546,2.24526819681725e-05,0.00663601005015594,"pearson",7,0.949248698837339,0.00108432811410186,0.00156625172036936,"POSITIVE","FDR<0.05"
"TE-L1FLnI-3q13.13ka","3q13.13ka","Wet AMD","Amacrine","RPE","CypA",0.989487732064441,0.000165180822042302,0.0097670006571187,"pearson",7,0.97745401342422,0.000144830880974728,0.000202763233364624,"POSITIVE","FDR<0.05"
"TE-L1FLnI-3q13.13ka","3q13.13ka","Wet AMD","Amacrine","RPE","NRXN",0.989487732064441,0.000165180822042302,0.0097670006571187,"pearson",7,0.97745401342422,0.000144830880974728,0.000202763233364624,"POSITIVE","FDR<0.05"
"TE-L1FLnI-3q13.13ka","3q13.13ka","Wet AMD","Amacrine","RPE","TULP",0.989487732064441,0.000165180822042302,0.0097670006571187,"pearson",7,0.97745401342422,0.000144830880974728,0.000202763233364624,"POSITIVE","FDR<0.05"
"TE-L1FLnI-3q13.13ka","3q13.13ka","Wet AMD","Amacrine","RPE","ADGRL",0.989487732064441,0.000165180822042302,0.0097670006571187,"pearson",7,0.97745401342422,0.00014483088097473,0.000202763233364624,"POSITIVE","FDR<0.05"
"TE-L1FLnI-3q13.13ka","3q13.13ka","Wet AMD","Amacrine","RPE","APP",0.989487732064441,0.000165180822042302,0.0097670006571187,"pearson",7,0.97745401342422,0.00014483088097473,0.000202763233364624,"POSITIVE","FDR<0.05"
"TE-L1FLnI-3q13.13ka","3q13.13ka","Wet AMD","Amacrine","RPE","FGF",0.989487732064441,0.000165180822042302,0.0097670006571187,"pearson",7,0.97745401342422,0.00014483088097473,0.000202763233364624,"POSITIVE","FDR<0.05"
"TE-L1FLnI-3q13.13ka","3q13.13ka","Wet AMD","Amacrine","RPE","GAS",0.989487732064441,0.000165180822042302,0.0097670006571187,"pearson",7,0.97745401342422,0.00014483088097473,0.000202763233364624,"POSITIVE","FDR<0.05"
"TE-L1FLnI-3q13.13ka","3q13.13ka","Wet AMD","Amacrine","RPE","NCAM",0.989487732064441,0.000165180822042302,0.0097670006571187,"pearson",7,0.97745401342422,0.000144830880974732,0.000202763233364624,"POSITIVE","FDR<0.05"
"TE-L1FLnI-3q13.13ka","3q13.13ka","Wet AMD","Amacrine","RPE","PTN",0.989487732064441,0.000165180822042302,0.0097670006571187,"pearson",7,0.97745401342422,0.000144830880974732,0.000202763233364624,"POSITIVE","FDR<0.05"
"TE-L1FLnI-3q13.13ka","3q13.13ka","Wet AMD","Amacrine","RPE","SLIT",0.989487732064441,0.000165180822042302,0.0097670006571187,"pearson",7,0.97745401342422,0.000144830880974732,0.000202763233364624,"POSITIVE","FDR<0.05"
"TE-L1FLnI-3q13.13ka","3q13.13ka","Wet AMD","Amacrine","RPE","CNTN",0.989487732064441,0.000165180822042302,0.0097670006571187,"pearson",7,0.970443574675228,0.000283904432438596,0.000361332914012758,"POSITIVE","FDR<0.05"
"TE-L1FLnI-3q13.13ka","3q13.13ka","Wet AMD","Horizontal","RPE","FLRT",0.988281003810511,0.000205197594114891,0.0102241508190562,"pearson",7,0.97745401342422,0.000144830880974728,0.000194890847496327,"POSITIVE","FDR<0.05"
"TE-L1FLnI-3q13.13ka","3q13.13ka","Wet AMD","Horizontal","RPE","NOTCH",0.988281003810511,0.000205197594114891,0.0102241508190562,"pearson",7,0.97745401342422,0.000144830880974728,0.000194890847496327,"POSITIVE","FDR<0.05"
"TE-L1FLnI-3q13.13ka","3q13.13ka","Wet AMD","Horizontal","RPE","CypA",0.988281003810511,0.000205197594114891,0.0102241508190562,"pearson",7,0.97745401342422,0.00014483088097473,0.000194890847496327,"POSITIVE","FDR<0.05"
"TE-L1FLnI-3q13.13ka","3q13.13ka","Wet AMD","Horizontal","RPE","FGF",0.988281003810511,0.000205197594114891,0.0102241508190562,"pearson",7,0.97745401342422,0.00014483088097473,0.000194890847496327,"POSITIVE","FDR<0.05"
"TE-L1FLnI-3q13.13ka","3q13.13ka","Wet AMD","Horizontal","RPE","NCAM",0.988281003810511,0.000205197594114891,0.0102241508190562,"pearson",7,0.97745401342422,0.00014483088097473,0.000194890847496327,"POSITIVE","FDR<0.05"
"TE-L1FLnI-3q13.13ka","3q13.13ka","Wet AMD","Horizontal","RPE","NRXN",0.988281003810511,0.000205197594114891,0.0102241508190562,"pearson",7,0.97745401342422,0.00014483088097473,0.000194890847496327,"POSITIVE","FDR<0.05"
"TE-L1FLnI-3q13.13ka","3q13.13ka","Wet AMD","Horizontal","RPE","TULP",0.988281003810511,0.000205197594114891,0.0102241508190562,"pearson",7,0.97745401342422,0.00014483088097473,0.000194890847496327,"POSITIVE","FDR<0.05"
"TE-L1FLnI-3q13.13ka","3q13.13ka","Wet AMD","Horizontal","RPE","ADGRL",0.988281003810511,0.000205197594114891,0.0102241508190562,"pearson",7,0.97745401342422,0.000144830880974732,0.000194890847496327,"POSITIVE","FDR<0.05"
"TE-L1FLnI-3q13.13ka","3q13.13ka","Wet AMD","Horizontal","RPE","GAS",0.988281003810511,0.000205197594114891,0.0102241508190562,"pearson",7,0.97745401342422,0.000144830880974732,0.000194890847496327,"POSITIVE","FDR<0.05"
"TE-L1FLnI-3q13.13ka","3q13.13ka","Wet AMD","Horizontal","RPE","TENASCIN",0.988281003810511,0.000205197594114891,0.0102241508190562,"pearson",7,0.97745401342422,0.000144830880974732,0.000194890847496327,"POSITIVE","FDR<0.05"
"TE-L1FLnI-3q13.13ka","3q13.13ka","Wet AMD","Horizontal","RPE","PTN",0.988281003810511,0.000205197594114891,0.0102241508190562,"pearson",7,0.976943408582493,0.000153128523032829,0.000194890847496327,"POSITIVE","FDR<0.05"
"TE-L1FLnI-3q13.13ka","3q13.13ka","Wet AMD","Muller glia","RPE","NCAM",0.981377087061316,0.00051698999638874,0.0228415580222662,"pearson",7,0.97745401342422,0.000144830880974728,0.000265523281787008,"POSITIVE","FDR<0.05"
"TE-L1FLnI-3q13.13ka","3q13.13ka","Wet AMD","Muller glia","RPE","ADGRL",0.981377087061316,0.00051698999638874,0.0228415580222662,"pearson",7,0.97745401342422,0.00014483088097473,0.000265523281787008,"POSITIVE","FDR<0.05"
"TE-L1FLnI-3q13.13ka","3q13.13ka","Wet AMD","Muller glia","RPE","APP",0.981377087061316,0.00051698999638874,0.0228415580222662,"pearson",7,0.97745401342422,0.00014483088097473,0.000265523281787008,"POSITIVE","FDR<0.05"
"TE-L1FLnI-3q13.13ka","3q13.13ka","Wet AMD","Muller glia","RPE","EGF",0.981377087061316,0.00051698999638874,0.0228415580222662,"pearson",7,0.97745401342422,0.00014483088097473,0.000265523281787008,"POSITIVE","FDR<0.05"
"TE-L1FLnI-3q13.13ka","3q13.13ka","Wet AMD","Muller glia","RPE","NRXN",0.981377087061316,0.00051698999638874,0.0228415580222662,"pearson",7,0.97745401342422,0.00014483088097473,0.000265523281787008,"POSITIVE","FDR<0.05"
"TE-L1FLnI-3q13.13ka","3q13.13ka","Wet AMD","Muller glia","RPE","COLLAGEN",0.981377087061316,0.00051698999638874,0.0228415580222662,"pearson",7,0.97745401342422,0.000144830880974732,0.000265523281787008,"POSITIVE","FDR<0.05"
"TE-L1FLnI-3q13.13ka","3q13.13ka","Wet AMD","Muller glia","RPE","SLITRK",0.981377087061316,0.00051698999638874,0.0228415580222662,"pearson",7,0.960804070636978,0.000571972969499724,0.000898814666356708,"POSITIVE","FDR<0.05"
"TE-L1FLnI-3q13.13ka","3q13.13ka","Wet AMD","RGC","RPE","CypA",0.985283066102675,0.000323288458313108,0.0149636372133496,"pearson",7,0.97745401342422,0.000144830880974728,0.000217246321462101,"POSITIVE","FDR<0.05"
"TE-L1FLnI-3q13.13ka","3q13.13ka","Wet AMD","RGC","RPE","NCAM",0.985283066102675,0.000323288458313108,0.0149636372133496,"pearson",7,0.97745401342422,0.000144830880974728,0.000217246321462101,"POSITIVE","FDR<0.05"
"TE-L1FLnI-3q13.13ka","3q13.13ka","Wet AMD","RGC","RPE","ADGRL",0.985283066102675,0.000323288458313108,0.0149636372133496,"pearson",7,0.97745401342422,0.00014483088097473,0.000217246321462101,"POSITIVE","FDR<0.05"
"TE-L1FLnI-3q13.13ka","3q13.13ka","Wet AMD","RGC","RPE","GAS",0.985283066102675,0.000323288458313108,0.0149636372133496,"pearson",7,0.97745401342422,0.00014483088097473,0.000217246321462101,"POSITIVE","FDR<0.05"
"TE-L1FLnI-3q13.13ka","3q13.13ka","Wet AMD","RGC","RPE","NRXN",0.985283066102675,0.000323288458313108,0.0149636372133496,"pearson",7,0.97745401342422,0.00014483088097473,0.000217246321462101,"POSITIVE","FDR<0.05"
"TE-L1FLnI-3q13.13ka","3q13.13ka","Wet AMD","RGC","RPE","RELN",0.985283066102675,0.000323288458313108,0.0149636372133496,"pearson",7,0.97745401342422,0.00014483088097473,0.000217246321462101,"POSITIVE","FDR<0.05"
"TE-L1FLnI-3q13.13ka","3q13.13ka","Wet AMD","RGC","RPE","COLLAGEN",0.985283066102675,0.000323288458313108,0.0149636372133496,"pearson",7,0.97745401342422,0.000144830880974732,0.000217246321462101,"POSITIVE","FDR<0.05"
"TE-L1FLnI-3q13.13ka","3q13.13ka","Wet AMD","RGC","RPE","FGF",0.985283066102675,0.000323288458313108,0.0149636372133496,"pearson",7,0.97745401342422,0.000144830880974734,0.000217246321462101,"POSITIVE","FDR<0.05"
"TE-L1FLnI-3q13.13ka","3q13.13ka","Wet AMD","RGC","RPE","PTPR",0.985283066102675,0.000323288458313108,0.0149636372133496,"pearson",7,0.882791448884343,0.00847272273128772,0.011296963641717,"POSITIVE","FDR<0.05"
"TE-L1FLnI-3q13.13ka","3q13.13ka","Wet AMD","RPE","Horizontal","FLRT",0.989309414293811,0.000170822027953722,0.0097670006571187,"pearson",7,0.97745401342422,0.000144830880974728,0.000165521006828265,"POSITIVE","FDR<0.05"
"TE-L1FLnI-3q13.13ka","3q13.13ka","Wet AMD","RPE","Horizontal","APP",0.989309414293811,0.000170822027953722,0.0097670006571187,"pearson",7,0.97745401342422,0.00014483088097473,0.000165521006828265,"POSITIVE","FDR<0.05"
"TE-L1FLnI-3q13.13ka","3q13.13ka","Wet AMD","RPE","Horizontal","CD46",0.989309414293811,0.000170822027953722,0.0097670006571187,"pearson",7,0.97745401342422,0.00014483088097473,0.000165521006828265,"POSITIVE","FDR<0.05"
"TE-L1FLnI-3q13.13ka","3q13.13ka","Wet AMD","RPE","Horizontal","FGF",0.989309414293811,0.000170822027953722,0.0097670006571187,"pearson",7,0.97745401342422,0.00014483088097473,0.000165521006828265,"POSITIVE","FDR<0.05"
"TE-L1FLnI-3q13.13ka","3q13.13ka","Wet AMD","RPE","Horizontal","LAMININ",0.989309414293811,0.000170822027953722,0.0097670006571187,"pearson",7,0.97745401342422,0.00014483088097473,0.000165521006828265,"POSITIVE","FDR<0.05"
"TE-L1FLnI-3q13.13ka","3q13.13ka","Wet AMD","RPE","Horizontal","SLIT",0.989309414293811,0.000170822027953722,0.0097670006571187,"pearson",7,0.97745401342422,0.00014483088097473,0.000165521006828265,"POSITIVE","FDR<0.05"
"TE-L1FLnI-3q13.13ka","3q13.13ka","Wet AMD","RPE","Horizontal","UNC5",0.989309414293811,0.000170822027953722,0.0097670006571187,"pearson",7,0.97745401342422,0.000144830880974732,0.000165521006828265,"POSITIVE","FDR<0.05"
"TE-L1FLnI-3q13.13ka","3q13.13ka","Wet AMD","RPE","Horizontal","ADGRL",0.989309414293811,0.000170822027953722,0.0097670006571187,"pearson",7,0.960538811110357,0.000581615470143964,0.000581615470143964,"POSITIVE","FDR<0.05"
