"locus_clean","sender","receiver","r","FDR","pathway","pathway_r","pathway_FDR"
"2p24.3g","Amacrine","RPE",0.993867157857273,0.00663601005015594,"CNTN",0.974947270687798,0.000404237193657438
"2p24.3g","Astrocyte","RPE",0.976478198471468,0.0347978411667476,"NCAM",0.969077696108081,0.000698752863322143
"2p24.3g","Horizontal","RPE",0.993245951405041,0.00663601005015594,"PTN",0.979971000683447,0.000404237193657438
"2p24.3g","Muller glia","RPE",0.988330409743338,0.0102241508190562,"APP",0.969077696108081,0.000582294052768453
"2p24.3g","RGC","RPE",0.991268936579962,0.00852476986497065,"CypA",0.969077696108081,0.000476422406810552
"2p24.3g","RPE","Horizontal",0.993788014619319,0.00663601005015594,"APP",0.969077696108081,0.000362988500427087
"3q13.13ea","Amacrine","RPE",0.994349825045175,0.00663601005015594,"CypA",0.97899261801037,0.000162771106982905
"3q13.13ea","Astrocyte","RPE",0.975639981596551,0.0357569639844237,"NCAM",0.978992618010371,0.000267239851625421
"3q13.13ea","Horizontal","RPE",0.993575143418635,0.00663601005015594,"PTN",0.984334173677013,0.000154601567056031
"3q13.13ea","Muller glia","RPE",0.988133832773601,0.0102241508190562,"APP",0.97899261801037,0.00022269987635452
"3q13.13ea","RGC","RPE",0.991329067719492,0.00852476986497065,"ADGRL",0.97899261801037,0.00018220898974461
"3q13.13ea","RPE","Horizontal",0.994244729065358,0.00663601005015594,"FLRT",0.97899261801037,0.000138825896948274
"3q13.13ja","Amacrine","RPE",0.98960671809638,0.0097670006571187,"CNTN",0.997872650897609,5.60639461050702e-06
"3q13.13ja","Astrocyte","RPE",0.997735111534069,0.00567203253948241,"COLLAGEN",0.94924869883734,0.00238552185102408
"3q13.13ja","Horizontal","RPE",0.991957580060541,0.00852476986497065,"PTN",0.998043247031673,4.54952937166759e-06
"3q13.13ja","Muller glia","RPE",0.997209335153185,0.00567203253948241,"SLITRK",0.995718871410956,2.52781589670558e-05
"3q13.13ja","RGC","RPE",0.995186413616582,0.00663601005015594,"PTPR",0.953623602021917,0.00144577081880247
"3q13.13ja","RPE","Horizontal",0.990030286198197,0.0097670006571187,"ADGRL",0.995638488500198,1.92584303126677e-05
"3q13.13ja","RPE","RPE",0.996128592512546,0.00663601005015594,"FLRT",0.94951941440656,0.00156625172036936
"3q13.13ka","Amacrine","RPE",0.989487732064441,0.0097670006571187,"CypA",0.97745401342422,0.000202763233364624
"3q13.13ka","Horizontal","RPE",0.988281003810511,0.0102241508190562,"FLRT",0.97745401342422,0.000194890847496327
"3q13.13ka","Muller glia","RPE",0.981377087061316,0.0228415580222662,"NCAM",0.97745401342422,0.000265523281787008
"3q13.13ka","RGC","RPE",0.985283066102675,0.0149636372133496,"CypA",0.97745401342422,0.000217246321462101
"3q13.13ka","RPE","Horizontal",0.989309414293811,0.0097670006571187,"FLRT",0.97745401342422,0.000165521006828265
