"locus","condition","sender","receiver","predictor","method","n","r","p","FDR","inference","locus_clean","pathway","pathway_r","pathway_p","pathway_FDR"
"TE-L1FLnI-2p24.3g","Wet AMD","Amacrine","RPE","mean_expression","pearson",6,0.993867157857273,5.63022956502523e-05,0.00663601005015594,"INFERENTIAL","2p24.3g","CNTN",0.974947270687798,0.000188251172692206,0.000404237193657438
"TE-L1FLnI-2p24.3g","Wet AMD","RPE","Horizontal","mean_expression","pearson",6,0.993788014619319,5.77632871408375e-05,0.00663601005015594,"INFERENTIAL","2p24.3g","APP",0.969077696108081,0.000317614937873699,0.000362988500427087
"TE-L1FLnI-2p24.3g","Wet AMD","Horizontal","RPE","mean_expression","pearson",6,0.993245951405041,6.82717083349376e-05,0.00663601005015594,"INFERENTIAL","2p24.3g","PTN",0.979971000683447,0.000107876307366511,0.000404237193657438
"TE-L1FLnI-2p24.3g","Wet AMD","RGC","RPE","mean_expression","pearson",6,0.991268936579962,0.000114014411774299,0.00852476986497065,"INFERENTIAL","2p24.3g","CypA",0.969077696108081,0.000317614937873696,0.000476422406810552
"TE-L1FLnI-2p24.3g","Wet AMD","Muller glia","RPE","mean_expression","pearson",6,0.988330409743338,0.000203474426606875,0.0102241508190562,"INFERENTIAL","2p24.3g","APP",0.969077696108081,0.000317614937873696,0.000582294052768453
"TE-L1FLnI-2p24.3g","Wet AMD","Astrocyte","RPE","mean_expression","pearson",6,0.976478198471468,0.00082340570662057,0.0347978411667476,"INFERENTIAL","2p24.3g","NCAM",0.969077696108081,0.000317614937873699,0.000698752863322143
"TE-L1FLnI-3q13.13ea","Wet AMD","Amacrine","RPE","mean_expression","pearson",6,0.994349825045175,4.77965260899506e-05,0.00663601005015594,"INFERENTIAL","3q13.13ea","CypA",0.97899261801037,0.000121472659829735,0.000162771106982905
"TE-L1FLnI-3q13.13ea","Wet AMD","RPE","Horizontal","mean_expression","pearson",6,0.994244729065358,4.95893989640905e-05,0.00663601005015594,"INFERENTIAL","3q13.13ea","FLRT",0.97899261801037,0.000121472659829735,0.000138825896948274
"TE-L1FLnI-3q13.13ea","Wet AMD","Horizontal","RPE","mean_expression","pearson",6,0.993575143418635,6.17855680092635e-05,0.00663601005015594,"INFERENTIAL","3q13.13ea","PTN",0.984334173677013,5.85035953554412e-05,0.000154601567056031
"TE-L1FLnI-3q13.13ea","Wet AMD","RGC","RPE","mean_expression","pearson",6,0.991329067719492,0.000112451637609181,0.00852476986497065,"INFERENTIAL","3q13.13ea","ADGRL",0.97899261801037,0.000121472659829737,0.00018220898974461
"TE-L1FLnI-3q13.13ea","Wet AMD","Muller glia","RPE","mean_expression","pearson",6,0.988133832773601,0.000210373473643131,0.0102241508190562,"INFERENTIAL","3q13.13ea","APP",0.97899261801037,0.000121472659829735,0.00022269987635452
"TE-L1FLnI-3q13.13ea","Wet AMD","Astrocyte","RPE","mean_expression","pearson",6,0.975639981596551,0.0008828879996154,0.0357569639844237,"INFERENTIAL","3q13.13ea","NCAM",0.978992618010371,0.000121472659829733,0.000267239851625421
"TE-L1FLnI-3q13.13ja","Wet AMD","Astrocyte","RPE","mean_expression","pearson",6,0.997735111534069,7.68877052309995e-06,0.00567203253948241,"INFERENTIAL","3q13.13ja","COLLAGEN",0.94924869883734,0.00108432811410184,0.00238552185102408
"TE-L1FLnI-3q13.13ja","Wet AMD","Muller glia","RPE","mean_expression","pearson",6,0.997209335153185,1.16708488466716e-05,0.00567203253948241,"INFERENTIAL","3q13.13ja","SLITRK",0.995718871410956,2.29801445155053e-06,2.52781589670558e-05
"TE-L1FLnI-3q13.13ja","Wet AMD","RPE","RPE","mean_expression","pearson",6,0.996128592512546,2.24526819681725e-05,0.00663601005015594,"INFERENTIAL","3q13.13ja","FLRT",0.94951941440656,0.00107008386582772,0.00156625172036936
"TE-L1FLnI-3q13.13ja","Wet AMD","RGC","RPE","mean_expression","pearson",6,0.995186413616582,3.47001539302231e-05,0.00663601005015594,"INFERENTIAL","3q13.13ja","PTPR",0.953623602021917,0.000867601502913058,0.00144577081880247
"TE-L1FLnI-3q13.13ja","Wet AMD","Horizontal","RPE","mean_expression","pearson",6,0.991957580060541,9.67606837781412e-05,0.00852476986497065,"INFERENTIAL","3q13.13ja","PTN",0.998043247031673,3.24966383690542e-07,4.54952937166759e-06
"TE-L1FLnI-3q13.13ja","Wet AMD","RPE","Horizontal","mean_expression","pearson",6,0.990030286198197,0.000148597319119598,0.0097670006571187,"INFERENTIAL","3q13.13ja","ADGRL",0.995638488500198,2.40730378908346e-06,1.92584303126677e-05
"TE-L1FLnI-3q13.13ja","Wet AMD","Amacrine","RPE","mean_expression","pearson",6,0.98960671809638,0.000161469120332222,0.0097670006571187,"INFERENTIAL","3q13.13ja","CNTN",0.997872650897609,4.00456757893359e-07,5.60639461050702e-06
"TE-L1FLnI-3q13.13ka","Wet AMD","Amacrine","RPE","mean_expression","pearson",6,0.989487732064441,0.000165180822042302,0.0097670006571187,"INFERENTIAL","3q13.13ka","CypA",0.97745401342422,0.000144830880974728,0.000202763233364624
"TE-L1FLnI-3q13.13ka","Wet AMD","RPE","Horizontal","mean_expression","pearson",6,0.989309414293811,0.000170822027953722,0.0097670006571187,"INFERENTIAL","3q13.13ka","FLRT",0.97745401342422,0.000144830880974728,0.000165521006828265
"TE-L1FLnI-3q13.13ka","Wet AMD","Horizontal","RPE","mean_expression","pearson",6,0.988281003810511,0.000205197594114891,0.0102241508190562,"INFERENTIAL","3q13.13ka","FLRT",0.97745401342422,0.000144830880974728,0.000194890847496327
"TE-L1FLnI-3q13.13ka","Wet AMD","RGC","RPE","mean_expression","pearson",6,0.985283066102675,0.000323288458313108,0.0149636372133496,"INFERENTIAL","3q13.13ka","CypA",0.97745401342422,0.000144830880974728,0.000217246321462101
"TE-L1FLnI-3q13.13ka","Wet AMD","Muller glia","RPE","mean_expression","pearson",6,0.981377087061316,0.00051698999638874,0.0228415580222662,"INFERENTIAL","3q13.13ka","NCAM",0.97745401342422,0.000144830880974728,0.000265523281787008
