"Condition","Feature","n_cells","mean_expression","detection_rate","density","total_strength"
"Healthy Control","TE-L1FLnI-11p15.5b",11010,0.305819760783963,0.178292461398728,0.839506172839506,18.9106873671029
"Dry AMD","TE-L1FLnI-11p15.5b",8633,0.217688784215267,0.152669987258195,1,38.3237947000741
"Wet AMD","TE-L1FLnI-11p15.5b",19686,0.288171732442269,0.179061261810424,0.802469135802469,13.8368118995453
"Healthy Control","TE-L1FLnI-15q11.2n",11010,0.794880499516332,0.386285195277021,0.839506172839506,18.9106873671029
"Dry AMD","TE-L1FLnI-15q11.2n",8633,0.684309996616982,0.383644156145025,1,38.3237947000741
"Wet AMD","TE-L1FLnI-15q11.2n",19686,0.569882029563262,0.30544549425988,0.802469135802469,13.8368118995453
"Healthy Control","TE-L1FLnI-21q22.13b",11010,0.309056998634894,0.18991825613079,0.839506172839506,18.9106873671029
"Dry AMD","TE-L1FLnI-21q22.13b",8633,0.396319991622637,0.267693733348778,1,38.3237947000741
"Wet AMD","TE-L1FLnI-21q22.13b",19686,0.268097003608235,0.169663720410444,0.802469135802469,13.8368118995453
"Healthy Control","TE-L1FLnI-2p24.3g",11010,0.0121826869164595,0.00599455040871935,0.839506172839506,18.9106873671029
"Dry AMD","TE-L1FLnI-2p24.3g",8633,0.0224896343884738,0.0110042858797637,1,38.3237947000741
"Wet AMD","TE-L1FLnI-2p24.3g",19686,0.00720826631770254,0.0040638016864777,0.802469135802469,13.8368118995453
"Healthy Control","TE-L1FLnI-3q13.13ea",11010,0.00682965207781494,0.00317892824704814,0.839506172839506,18.9106873671029
"Dry AMD","TE-L1FLnI-3q13.13ea",8633,0.0141815214870116,0.00776091740993861,1,38.3237947000741
"Wet AMD","TE-L1FLnI-3q13.13ea",19686,0.00267932240651092,0.00152392563242914,0.802469135802469,13.8368118995453
"Healthy Control","TE-L1FLnI-3q13.13ja",11010,0.00479493355928482,0.00217983651226158,0.839506172839506,18.9106873671029
"Dry AMD","TE-L1FLnI-3q13.13ja",8633,0.0173470754696244,0.00810842117456272,1,38.3237947000741
"Wet AMD","TE-L1FLnI-3q13.13ja",19686,0.00255028358254163,0.00152392563242914,0.802469135802469,13.8368118995453
"Healthy Control","TE-L1FLnI-3q13.13ka",11010,0.00605575051998228,0.00263396911898274,0.839506172839506,18.9106873671029
"Dry AMD","TE-L1FLnI-3q13.13ka",8633,0.0200705897278009,0.008919263292019,1,38.3237947000741
"Wet AMD","TE-L1FLnI-3q13.13ka",19686,0.00356272153763275,0.00177791323783399,0.802469135802469,13.8368118995453
"Healthy Control","TE-L1FLnI-3q13.13ma",11010,0.0102276725026791,0.00508628519527702,0.839506172839506,18.9106873671029
"Dry AMD","TE-L1FLnI-3q13.13ma",8633,0.0218486931079977,0.0103092783505155,1,38.3237947000741
"Wet AMD","TE-L1FLnI-3q13.13ma",19686,0.00542344229746571,0.00284466118053439,0.802469135802469,13.8368118995453
"Healthy Control","TE-L1FLnI-4p15.2b",11010,0.775867982483292,0.367574931880109,0.839506172839506,18.9106873671029
"Dry AMD","TE-L1FLnI-4p15.2b",8633,0.66580894001236,0.385845013320978,1,38.3237947000741
"Wet AMD","TE-L1FLnI-4p15.2b",19686,0.70070758045439,0.363710250939754,0.802469135802469,13.8368118995453
"Healthy Control","TE-L1FLnI-6q16.2d",11010,0.126434457624713,0.0818346957311535,0.839506172839506,18.9106873671029
"Dry AMD","TE-L1FLnI-6q16.2d",8633,0.135455160227122,0.0989227383296652,1,38.3237947000741
"Wet AMD","TE-L1FLnI-6q16.2d",19686,0.0811265591082872,0.0507975210809712,0.802469135802469,13.8368118995453
"Healthy Control","TE-L1FLnI-Xq13.2ia",11010,0.560290401812806,0.316076294277929,0.839506172839506,18.9106873671029
"Dry AMD","TE-L1FLnI-Xq13.2ia",8633,0.622916013154629,0.388740878026179,1,38.3237947000741
"Wet AMD","TE-L1FLnI-Xq13.2ia",19686,0.527496300650188,0.30910291577771,0.802469135802469,13.8368118995453
"Healthy Control","TE-L1FLnI-Xq23ab",11010,0.763651075947852,0.390917347865577,0.839506172839506,18.9106873671029
"Dry AMD","TE-L1FLnI-Xq23ab",8633,0.689397387517448,0.415962006255068,1,38.3237947000741
"Wet AMD","TE-L1FLnI-Xq23ab",19686,0.635820016366624,0.351163263232754,0.802469135802469,13.8368118995453
